-1.001199999999998980e+00,1.092999999999999972e+00
-1.728400000000000603e+00,1.032399999999999096e+00
-2.273799999999999599e+00,1.032399999999999096e+00
-2.879799999999999471e+00,1.032399999999999096e+00
-3.485799999999999343e+00,1.032399999999999096e+00
-4.091799999999999216e+00,9.717999999999999972e-01
-4.637199999999999989e+00,9.717999999999999972e-01
-5.182599999999999874e+00,9.717999999999999972e-01
-5.727999999999999758e+00,9.111999999999991218e-01
-6.212799999999999656e+00,8.506000000000000227e-01
-6.697599999999999554e+00,7.899999999999991473e-01
-7.303600000000000314e+00,6.687999999999991729e-01
-7.667200000000000237e+00,6.082000000000000739e-01
-8.394400000000000972e+00,4.870000000000000995e-01
-9.545799999999999841e+00,-7.856000000000005201e-01
-9.666999999999999815e+00,-1.391600000000000392e+00
-9.788199999999999790e+00,-2.179400000000000226e+00
-9.848800000000000665e+00,-2.906600000000000961e+00
-9.788199999999999790e+00,-3.573200000000000820e+00
-9.727599999999998914e+00,-4.179200000000000692e+00
-8.576200000000000045e+00,-5.694200000000000372e+00
-6.879399999999999515e+00,-5.209400000000000475e+00
-6.394599999999999618e+00,-3.936800000000000743e+00
-6.333999999999999631e+00,-3.452000000000000846e+00
-6.333999999999999631e+00,-3.149000000000000909e+00
-6.152199999999999669e+00,-2.785400000000000986e+00
-5.788599999999999746e+00,-2.421800000000000175e+00
-5.303799999999999848e+00,-2.240000000000000213e+00
-5.000799999999999912e+00,-2.179400000000000226e+00
-4.455399999999999139e+00,-2.118800000000000239e+00
-3.849399999999999267e+00,-2.058200000000000252e+00
-3.122199999999999420e+00,-1.997600000000000264e+00
-2.698000000000000398e+00,-1.997600000000000264e+00
-2.152599999999999625e+00,-1.997600000000000264e+00
-1.910199999999999676e+00,-2.118800000000000239e+00
-1.910199999999999676e+00,-2.240000000000000213e+00
-2.092000000000000526e+00,-2.300600000000000200e+00
-2.637399999999999523e+00,-2.300600000000000200e+00
-3.243399999999999395e+00,-2.361200000000000188e+00
-4.031200000000000117e+00,-2.421800000000000175e+00
-5.900000000000000355e+00,-3.500000000000000000e+00
-5.799999999999999822e+00,-5.200000000000000178e+00
-4.152400000000000091e+00,-5.330600000000000449e+00
-4.152400000000000091e+00,-5.330600000000000449e+00
-4.152400000000000091e+00,-5.330600000000000449e+00
-4.152400000000000091e+00,-5.330600000000000449e+00
-4.152400000000000091e+00,-5.330600000000000449e+00
-4.152400000000000091e+00,-5.330600000000000449e+00
-4.152400000000000091e+00,-5.330600000000000449e+00
-4.152400000000000091e+00,-5.330600000000000449e+00
-4.152400000000000091e+00,-5.330600000000000449e+00
-4.152400000000000091e+00,-5.330600000000000449e+00
-4.152400000000000091e+00,-5.330600000000000449e+00
-4.152400000000000091e+00,-5.330600000000000449e+00
-4.152400000000000091e+00,-5.330600000000000449e+00
-4.152400000000000091e+00,-5.330600000000000449e+00
-4.152400000000000091e+00,-5.330600000000000449e+00
-4.152400000000000091e+00,-5.330600000000000449e+00
-4.152400000000000091e+00,-5.330600000000000449e+00
-4.152400000000000091e+00,-5.330600000000000449e+00
-4.152400000000000091e+00,-5.330600000000000449e+00
-4.152400000000000091e+00,-5.330600000000000449e+00
-4.152400000000000091e+00,-5.330600000000000449e+00
-4.152400000000000091e+00,-5.330600000000000449e+00
-4.152400000000000091e+00,-5.330600000000000449e+00
-4.152400000000000091e+00,-5.330600000000000449e+00
-4.152400000000000091e+00,-5.330600000000000449e+00
-4.152400000000000091e+00,-5.330600000000000449e+00
-4.152400000000000091e+00,-5.330600000000000449e+00
-4.152400000000000091e+00,-5.330600000000000449e+00
-4.152400000000000091e+00,-5.330600000000000449e+00
-4.152400000000000091e+00,-5.330600000000000449e+00
-4.152400000000000091e+00,-5.330600000000000449e+00
-4.152400000000000091e+00,-5.330600000000000449e+00
-4.152400000000000091e+00,-5.330600000000000449e+00
-4.152400000000000091e+00,-5.330600000000000449e+00
-4.152400000000000091e+00,-5.330600000000000449e+00
-4.152400000000000091e+00,-5.330600000000000449e+00
-4.152400000000000091e+00,-5.330600000000000449e+00
-4.152400000000000091e+00,-5.330600000000000449e+00
-4.152400000000000091e+00,-5.330600000000000449e+00
-4.152400000000000091e+00,-5.330600000000000449e+00
-4.152400000000000091e+00,-5.330600000000000449e+00
-4.152400000000000091e+00,-5.330600000000000449e+00
-4.152400000000000091e+00,-5.330600000000000449e+00
-4.152400000000000091e+00,-5.330600000000000449e+00
-4.152400000000000091e+00,-5.330600000000000449e+00
-4.152400000000000091e+00,-5.330600000000000449e+00
-4.152400000000000091e+00,-5.330600000000000449e+00
-4.152400000000000091e+00,-5.330600000000000449e+00
-4.152400000000000091e+00,-5.330600000000000449e+00
-4.152400000000000091e+00,-5.330600000000000449e+00
-4.152400000000000091e+00,-5.330600000000000449e+00
-4.152400000000000091e+00,-5.330600000000000449e+00
-4.152400000000000091e+00,-5.330600000000000449e+00
-4.152400000000000091e+00,-5.330600000000000449e+00
-4.152400000000000091e+00,-5.330600000000000449e+00
-4.152400000000000091e+00,-5.330600000000000449e+00
-4.152400000000000091e+00,-5.330600000000000449e+00
-4.152400000000000091e+00,-5.330600000000000449e+00
-4.152400000000000091e+00,-5.330600000000000449e+00
-4.152400000000000091e+00,-5.330600000000000449e+00
-4.152400000000000091e+00,-5.330600000000000449e+00
-4.152400000000000091e+00,-5.330600000000000449e+00
-4.152400000000000091e+00,-5.330600000000000449e+00
-4.152400000000000091e+00,-5.330600000000000449e+00
-4.152400000000000091e+00,-5.330600000000000449e+00
-4.152400000000000091e+00,-5.330600000000000449e+00
-4.152400000000000091e+00,-5.330600000000000449e+00
-4.152400000000000091e+00,-5.330600000000000449e+00
-4.152400000000000091e+00,-5.330600000000000449e+00
-4.152400000000000091e+00,-5.330600000000000449e+00
-4.152400000000000091e+00,-5.330600000000000449e+00
-4.152400000000000091e+00,-5.330600000000000449e+00
-4.152400000000000091e+00,-5.330600000000000449e+00
-4.152400000000000091e+00,-5.330600000000000449e+00
-4.152400000000000091e+00,-5.330600000000000449e+00
-4.152400000000000091e+00,-5.330600000000000449e+00
-4.152400000000000091e+00,-5.330600000000000449e+00
-4.152400000000000091e+00,-5.330600000000000449e+00
-4.152400000000000091e+00,-5.330600000000000449e+00
-4.152400000000000091e+00,-5.330600000000000449e+00
-4.152400000000000091e+00,-5.330600000000000449e+00
-4.152400000000000091e+00,-5.330600000000000449e+00
-4.152400000000000091e+00,-5.330600000000000449e+00
-4.152400000000000091e+00,-5.330600000000000449e+00
-4.152400000000000091e+00,-5.330600000000000449e+00
-4.152400000000000091e+00,-5.330600000000000449e+00
-4.152400000000000091e+00,-5.330600000000000449e+00
-4.152400000000000091e+00,-5.330600000000000449e+00
-4.152400000000000091e+00,-5.330600000000000449e+00
-4.152400000000000091e+00,-5.330600000000000449e+00
-4.152400000000000091e+00,-5.330600000000000449e+00
-4.152400000000000091e+00,-5.330600000000000449e+00
-4.152400000000000091e+00,-5.330600000000000449e+00
-4.152400000000000091e+00,-5.330600000000000449e+00
-4.152400000000000091e+00,-5.330600000000000449e+00
-4.152400000000000091e+00,-5.330600000000000449e+00
-4.152400000000000091e+00,-5.330600000000000449e+00
-4.152400000000000091e+00,-5.330600000000000449e+00
-4.152400000000000091e+00,-5.330600000000000449e+00
-4.152400000000000091e+00,-5.330600000000000449e+00
-4.152400000000000091e+00,-5.330600000000000449e+00
-4.152400000000000091e+00,-5.330600000000000449e+00
-4.152400000000000091e+00,-5.330600000000000449e+00
-4.152400000000000091e+00,-5.330600000000000449e+00
-4.152400000000000091e+00,-5.330600000000000449e+00
-4.152400000000000091e+00,-5.330600000000000449e+00
-4.152400000000000091e+00,-5.330600000000000449e+00
-4.152400000000000091e+00,-5.330600000000000449e+00
-4.152400000000000091e+00,-5.330600000000000449e+00
-4.152400000000000091e+00,-5.330600000000000449e+00
-4.152400000000000091e+00,-5.330600000000000449e+00
-4.152400000000000091e+00,-5.330600000000000449e+00
-4.152400000000000091e+00,-5.330600000000000449e+00
-4.152400000000000091e+00,-5.330600000000000449e+00
-4.152400000000000091e+00,-5.330600000000000449e+00
-4.152400000000000091e+00,-5.330600000000000449e+00
-4.152400000000000091e+00,-5.330600000000000449e+00
-4.152400000000000091e+00,-5.330600000000000449e+00
-4.152400000000000091e+00,-5.330600000000000449e+00
-4.152400000000000091e+00,-5.330600000000000449e+00
-4.152400000000000091e+00,-5.330600000000000449e+00
-4.152400000000000091e+00,-5.330600000000000449e+00
-4.152400000000000091e+00,-5.330600000000000449e+00
-4.152400000000000091e+00,-5.330600000000000449e+00
-4.152400000000000091e+00,-5.330600000000000449e+00
-4.152400000000000091e+00,-5.330600000000000449e+00
-4.152400000000000091e+00,-5.330600000000000449e+00
-4.152400000000000091e+00,-5.330600000000000449e+00
-4.152400000000000091e+00,-5.330600000000000449e+00
-4.152400000000000091e+00,-5.330600000000000449e+00
-4.152400000000000091e+00,-5.330600000000000449e+00
-4.152400000000000091e+00,-5.330600000000000449e+00
-4.152400000000000091e+00,-5.330600000000000449e+00
-4.152400000000000091e+00,-5.330600000000000449e+00
-4.152400000000000091e+00,-5.330600000000000449e+00
-4.152400000000000091e+00,-5.330600000000000449e+00
-4.152400000000000091e+00,-5.330600000000000449e+00
-4.152400000000000091e+00,-5.330600000000000449e+00
-4.152400000000000091e+00,-5.330600000000000449e+00
-4.152400000000000091e+00,-5.330600000000000449e+00
-4.152400000000000091e+00,-5.330600000000000449e+00
-4.152400000000000091e+00,-5.330600000000000449e+00
-4.152400000000000091e+00,-5.330600000000000449e+00
-4.152400000000000091e+00,-5.330600000000000449e+00
-4.152400000000000091e+00,-5.330600000000000449e+00
-4.152400000000000091e+00,-5.330600000000000449e+00
-4.152400000000000091e+00,-5.330600000000000449e+00
-4.152400000000000091e+00,-5.330600000000000449e+00
-4.152400000000000091e+00,-5.330600000000000449e+00
-4.152400000000000091e+00,-5.330600000000000449e+00
-4.152400000000000091e+00,-5.330600000000000449e+00
-4.152400000000000091e+00,-5.330600000000000449e+00
-4.152400000000000091e+00,-5.330600000000000449e+00
-4.152400000000000091e+00,-5.330600000000000449e+00
-4.152400000000000091e+00,-5.330600000000000449e+00
-4.152400000000000091e+00,-5.330600000000000449e+00
-4.152400000000000091e+00,-5.330600000000000449e+00
-4.152400000000000091e+00,-5.330600000000000449e+00
-4.152400000000000091e+00,-5.330600000000000449e+00
-4.152400000000000091e+00,-5.330600000000000449e+00
-4.152400000000000091e+00,-5.330600000000000449e+00
-4.152400000000000091e+00,-5.330600000000000449e+00
-4.152400000000000091e+00,-5.330600000000000449e+00
-4.152400000000000091e+00,-5.330600000000000449e+00
-4.152400000000000091e+00,-5.330600000000000449e+00
-4.152400000000000091e+00,-5.330600000000000449e+00
-4.152400000000000091e+00,-5.330600000000000449e+00
-4.152400000000000091e+00,-5.330600000000000449e+00
-4.152400000000000091e+00,-5.330600000000000449e+00
-4.152400000000000091e+00,-5.330600000000000449e+00
-4.152400000000000091e+00,-5.330600000000000449e+00
-4.152400000000000091e+00,-5.330600000000000449e+00
-4.152400000000000091e+00,-5.330600000000000449e+00
-4.152400000000000091e+00,-5.330600000000000449e+00
-4.152400000000000091e+00,-5.330600000000000449e+00
-4.152400000000000091e+00,-5.330600000000000449e+00
-4.152400000000000091e+00,-5.330600000000000449e+00
-4.152400000000000091e+00,-5.330600000000000449e+00
-4.152400000000000091e+00,-5.330600000000000449e+00
-4.152400000000000091e+00,-5.330600000000000449e+00
-4.152400000000000091e+00,-5.330600000000000449e+00
-4.152400000000000091e+00,-5.330600000000000449e+00
-4.152400000000000091e+00,-5.330600000000000449e+00
-4.152400000000000091e+00,-5.330600000000000449e+00
-4.152400000000000091e+00,-5.330600000000000449e+00
-4.152400000000000091e+00,-5.330600000000000449e+00
-4.152400000000000091e+00,-5.330600000000000449e+00
-4.152400000000000091e+00,-5.330600000000000449e+00
-4.152400000000000091e+00,-5.330600000000000449e+00
-4.152400000000000091e+00,-5.330600000000000449e+00
-4.152400000000000091e+00,-5.330600000000000449e+00
-4.152400000000000091e+00,-5.330600000000000449e+00
-4.152400000000000091e+00,-5.330600000000000449e+00
-4.152400000000000091e+00,-5.330600000000000449e+00
-4.152400000000000091e+00,-5.330600000000000449e+00
-4.152400000000000091e+00,-5.330600000000000449e+00
-4.152400000000000091e+00,-5.330600000000000449e+00
-4.152400000000000091e+00,-5.330600000000000449e+00
-4.152400000000000091e+00,-5.330600000000000449e+00
-4.152400000000000091e+00,-5.330600000000000449e+00
-4.152400000000000091e+00,-5.330600000000000449e+00
-4.152400000000000091e+00,-5.330600000000000449e+00
-4.152400000000000091e+00,-5.330600000000000449e+00
-4.152400000000000091e+00,-5.330600000000000449e+00
-4.152400000000000091e+00,-5.330600000000000449e+00
-4.152400000000000091e+00,-5.330600000000000449e+00
-4.152400000000000091e+00,-5.330600000000000449e+00
-4.152400000000000091e+00,-5.330600000000000449e+00
-4.152400000000000091e+00,-5.330600000000000449e+00
-4.152400000000000091e+00,-5.330600000000000449e+00
-4.152400000000000091e+00,-5.330600000000000449e+00
-4.152400000000000091e+00,-5.330600000000000449e+00
-4.152400000000000091e+00,-5.330600000000000449e+00
-4.152400000000000091e+00,-5.330600000000000449e+00
-4.152400000000000091e+00,-5.330600000000000449e+00
-4.152400000000000091e+00,-5.330600000000000449e+00
-4.152400000000000091e+00,-5.330600000000000449e+00
-4.152400000000000091e+00,-5.330600000000000449e+00
-4.152400000000000091e+00,-5.330600000000000449e+00
-4.152400000000000091e+00,-5.330600000000000449e+00
-4.152400000000000091e+00,-5.330600000000000449e+00
-4.152400000000000091e+00,-5.330600000000000449e+00
-4.152400000000000091e+00,-5.330600000000000449e+00
-4.152400000000000091e+00,-5.330600000000000449e+00
-4.152400000000000091e+00,-5.330600000000000449e+00
-4.152400000000000091e+00,-5.330600000000000449e+00
-4.152400000000000091e+00,-5.330600000000000449e+00
-4.152400000000000091e+00,-5.330600000000000449e+00
-4.152400000000000091e+00,-5.330600000000000449e+00
-4.152400000000000091e+00,-5.330600000000000449e+00
-4.152400000000000091e+00,-5.330600000000000449e+00
-4.152400000000000091e+00,-5.330600000000000449e+00
-4.152400000000000091e+00,-5.330600000000000449e+00
-4.152400000000000091e+00,-5.330600000000000449e+00
-4.152400000000000091e+00,-5.330600000000000449e+00
-4.152400000000000091e+00,-5.330600000000000449e+00
-4.152400000000000091e+00,-5.330600000000000449e+00
-4.152400000000000091e+00,-5.330600000000000449e+00
-4.152400000000000091e+00,-5.330600000000000449e+00
-4.152400000000000091e+00,-5.330600000000000449e+00
-4.152400000000000091e+00,-5.330600000000000449e+00
-4.152400000000000091e+00,-5.330600000000000449e+00
-4.152400000000000091e+00,-5.330600000000000449e+00
-4.152400000000000091e+00,-5.330600000000000449e+00
-4.152400000000000091e+00,-5.330600000000000449e+00
-4.152400000000000091e+00,-5.330600000000000449e+00
-4.152400000000000091e+00,-5.330600000000000449e+00
-4.152400000000000091e+00,-5.330600000000000449e+00
-4.152400000000000091e+00,-5.330600000000000449e+00
-4.152400000000000091e+00,-5.330600000000000449e+00
-4.152400000000000091e+00,-5.330600000000000449e+00
-4.152400000000000091e+00,-5.330600000000000449e+00
-4.152400000000000091e+00,-5.330600000000000449e+00
-4.152400000000000091e+00,-5.330600000000000449e+00
-4.152400000000000091e+00,-5.330600000000000449e+00
-4.152400000000000091e+00,-5.330600000000000449e+00
-4.152400000000000091e+00,-5.330600000000000449e+00
-4.152400000000000091e+00,-5.330600000000000449e+00
-4.152400000000000091e+00,-5.330600000000000449e+00
-4.152400000000000091e+00,-5.330600000000000449e+00
-4.152400000000000091e+00,-5.330600000000000449e+00
-4.152400000000000091e+00,-5.330600000000000449e+00
-4.152400000000000091e+00,-5.330600000000000449e+00
-4.152400000000000091e+00,-5.330600000000000449e+00
-4.152400000000000091e+00,-5.330600000000000449e+00
-4.152400000000000091e+00,-5.330600000000000449e+00
-4.152400000000000091e+00,-5.330600000000000449e+00
-4.152400000000000091e+00,-5.330600000000000449e+00
-4.152400000000000091e+00,-5.330600000000000449e+00
-4.152400000000000091e+00,-5.330600000000000449e+00
-4.152400000000000091e+00,-5.330600000000000449e+00
-4.152400000000000091e+00,-5.330600000000000449e+00
-4.152400000000000091e+00,-5.330600000000000449e+00
-4.152400000000000091e+00,-5.330600000000000449e+00
-4.152400000000000091e+00,-5.330600000000000449e+00
-4.152400000000000091e+00,-5.330600000000000449e+00
-4.152400000000000091e+00,-5.330600000000000449e+00
-4.152400000000000091e+00,-5.330600000000000449e+00
-4.152400000000000091e+00,-5.330600000000000449e+00
-4.152400000000000091e+00,-5.330600000000000449e+00
-4.152400000000000091e+00,-5.330600000000000449e+00
-4.152400000000000091e+00,-5.330600000000000449e+00
-4.152400000000000091e+00,-5.330600000000000449e+00
-4.152400000000000091e+00,-5.330600000000000449e+00
-4.152400000000000091e+00,-5.330600000000000449e+00
-4.152400000000000091e+00,-5.330600000000000449e+00
-4.152400000000000091e+00,-5.330600000000000449e+00
-4.152400000000000091e+00,-5.330600000000000449e+00
-4.152400000000000091e+00,-5.330600000000000449e+00
-4.152400000000000091e+00,-5.330600000000000449e+00
-4.152400000000000091e+00,-5.330600000000000449e+00
-4.152400000000000091e+00,-5.330600000000000449e+00
-4.152400000000000091e+00,-5.330600000000000449e+00
-4.152400000000000091e+00,-5.330600000000000449e+00
-4.152400000000000091e+00,-5.330600000000000449e+00
-4.152400000000000091e+00,-5.330600000000000449e+00
-4.152400000000000091e+00,-5.330600000000000449e+00
-4.152400000000000091e+00,-5.330600000000000449e+00
-4.152400000000000091e+00,-5.330600000000000449e+00
-4.152400000000000091e+00,-5.330600000000000449e+00
-4.152400000000000091e+00,-5.330600000000000449e+00
-4.152400000000000091e+00,-5.330600000000000449e+00
-4.152400000000000091e+00,-5.330600000000000449e+00
-4.152400000000000091e+00,-5.330600000000000449e+00
-4.152400000000000091e+00,-5.330600000000000449e+00
-4.152400000000000091e+00,-5.330600000000000449e+00
-4.152400000000000091e+00,-5.330600000000000449e+00
-4.152400000000000091e+00,-5.330600000000000449e+00
-4.152400000000000091e+00,-5.330600000000000449e+00
-4.152400000000000091e+00,-5.330600000000000449e+00
-4.152400000000000091e+00,-5.330600000000000449e+00
-4.152400000000000091e+00,-5.330600000000000449e+00
-4.152400000000000091e+00,-5.330600000000000449e+00
-4.152400000000000091e+00,-5.330600000000000449e+00
-4.152400000000000091e+00,-5.330600000000000449e+00
-4.152400000000000091e+00,-5.330600000000000449e+00
-4.152400000000000091e+00,-5.330600000000000449e+00
-4.152400000000000091e+00,-5.330600000000000449e+00
-4.152400000000000091e+00,-5.330600000000000449e+00
-4.152400000000000091e+00,-5.330600000000000449e+00
-4.152400000000000091e+00,-5.330600000000000449e+00
-4.152400000000000091e+00,-5.330600000000000449e+00
-4.152400000000000091e+00,-5.330600000000000449e+00
-4.152400000000000091e+00,-5.330600000000000449e+00
-4.152400000000000091e+00,-5.330600000000000449e+00
-4.152400000000000091e+00,-5.330600000000000449e+00
-4.152400000000000091e+00,-5.330600000000000449e+00
-4.152400000000000091e+00,-5.330600000000000449e+00
-4.152400000000000091e+00,-5.330600000000000449e+00
-4.152400000000000091e+00,-5.330600000000000449e+00
-4.152400000000000091e+00,-5.330600000000000449e+00
-4.152400000000000091e+00,-5.330600000000000449e+00
-4.152400000000000091e+00,-5.330600000000000449e+00
-4.152400000000000091e+00,-5.330600000000000449e+00
-4.152400000000000091e+00,-5.330600000000000449e+00
-4.152400000000000091e+00,-5.330600000000000449e+00
-4.152400000000000091e+00,-5.330600000000000449e+00
-4.152400000000000091e+00,-5.330600000000000449e+00
-4.152400000000000091e+00,-5.330600000000000449e+00
-4.152400000000000091e+00,-5.330600000000000449e+00
-4.152400000000000091e+00,-5.330600000000000449e+00
-4.152400000000000091e+00,-5.330600000000000449e+00
-4.152400000000000091e+00,-5.330600000000000449e+00
-4.152400000000000091e+00,-5.330600000000000449e+00
-4.152400000000000091e+00,-5.330600000000000449e+00
-4.152400000000000091e+00,-5.330600000000000449e+00
-4.152400000000000091e+00,-5.330600000000000449e+00
-4.152400000000000091e+00,-5.330600000000000449e+00
-4.152400000000000091e+00,-5.330600000000000449e+00
-4.152400000000000091e+00,-5.330600000000000449e+00
-4.152400000000000091e+00,-5.330600000000000449e+00
-4.152400000000000091e+00,-5.330600000000000449e+00
-4.152400000000000091e+00,-5.330600000000000449e+00
-4.152400000000000091e+00,-5.330600000000000449e+00
-4.152400000000000091e+00,-5.330600000000000449e+00
-4.152400000000000091e+00,-5.330600000000000449e+00
-4.152400000000000091e+00,-5.330600000000000449e+00
-4.152400000000000091e+00,-5.330600000000000449e+00
-4.152400000000000091e+00,-5.330600000000000449e+00
-4.152400000000000091e+00,-5.330600000000000449e+00
-4.152400000000000091e+00,-5.330600000000000449e+00
-4.152400000000000091e+00,-5.330600000000000449e+00
-4.152400000000000091e+00,-5.330600000000000449e+00
-4.152400000000000091e+00,-5.330600000000000449e+00
-4.152400000000000091e+00,-5.330600000000000449e+00
-4.152400000000000091e+00,-5.330600000000000449e+00
-4.152400000000000091e+00,-5.330600000000000449e+00
-4.152400000000000091e+00,-5.330600000000000449e+00
-4.152400000000000091e+00,-5.330600000000000449e+00
-4.152400000000000091e+00,-5.330600000000000449e+00
-4.152400000000000091e+00,-5.330600000000000449e+00
-4.152400000000000091e+00,-5.330600000000000449e+00
-4.152400000000000091e+00,-5.330600000000000449e+00
-4.152400000000000091e+00,-5.330600000000000449e+00
-4.152400000000000091e+00,-5.330600000000000449e+00
-4.152400000000000091e+00,-5.330600000000000449e+00
-4.152400000000000091e+00,-5.330600000000000449e+00
-4.152400000000000091e+00,-5.330600000000000449e+00
-4.152400000000000091e+00,-5.330600000000000449e+00
-4.152400000000000091e+00,-5.330600000000000449e+00
-4.152400000000000091e+00,-5.330600000000000449e+00
-4.152400000000000091e+00,-5.330600000000000449e+00
-4.152400000000000091e+00,-5.330600000000000449e+00
-4.152400000000000091e+00,-5.330600000000000449e+00
-4.152400000000000091e+00,-5.330600000000000449e+00
-4.152400000000000091e+00,-5.330600000000000449e+00
-4.152400000000000091e+00,-5.330600000000000449e+00
-4.152400000000000091e+00,-5.330600000000000449e+00
-4.152400000000000091e+00,-5.330600000000000449e+00
-4.152400000000000091e+00,-5.330600000000000449e+00
-4.152400000000000091e+00,-5.330600000000000449e+00
-4.152400000000000091e+00,-5.330600000000000449e+00
-4.152400000000000091e+00,-5.330600000000000449e+00
-4.152400000000000091e+00,-5.330600000000000449e+00
-4.152400000000000091e+00,-5.330600000000000449e+00
-4.152400000000000091e+00,-5.330600000000000449e+00
-4.152400000000000091e+00,-5.330600000000000449e+00
-4.152400000000000091e+00,-5.330600000000000449e+00
-4.152400000000000091e+00,-5.330600000000000449e+00
-4.152400000000000091e+00,-5.330600000000000449e+00
-4.152400000000000091e+00,-5.330600000000000449e+00
-4.152400000000000091e+00,-5.330600000000000449e+00
-4.152400000000000091e+00,-5.330600000000000449e+00
-4.152400000000000091e+00,-5.330600000000000449e+00
-4.152400000000000091e+00,-5.330600000000000449e+00
-4.152400000000000091e+00,-5.330600000000000449e+00
-4.152400000000000091e+00,-5.330600000000000449e+00
-4.152400000000000091e+00,-5.330600000000000449e+00
-4.152400000000000091e+00,-5.330600000000000449e+00
-4.152400000000000091e+00,-5.330600000000000449e+00
-4.152400000000000091e+00,-5.330600000000000449e+00
-4.152400000000000091e+00,-5.330600000000000449e+00
-4.152400000000000091e+00,-5.330600000000000449e+00
-4.152400000000000091e+00,-5.330600000000000449e+00
-4.152400000000000091e+00,-5.330600000000000449e+00
-4.152400000000000091e+00,-5.330600000000000449e+00
-4.152400000000000091e+00,-5.330600000000000449e+00
-4.152400000000000091e+00,-5.330600000000000449e+00
-4.152400000000000091e+00,-5.330600000000000449e+00
-4.152400000000000091e+00,-5.330600000000000449e+00
-4.152400000000000091e+00,-5.330600000000000449e+00
-4.152400000000000091e+00,-5.330600000000000449e+00
-4.152400000000000091e+00,-5.330600000000000449e+00
-4.152400000000000091e+00,-5.330600000000000449e+00
-4.152400000000000091e+00,-5.330600000000000449e+00
-4.152400000000000091e+00,-5.330600000000000449e+00
-4.152400000000000091e+00,-5.330600000000000449e+00
-4.152400000000000091e+00,-5.330600000000000449e+00
-4.152400000000000091e+00,-5.330600000000000449e+00
-4.152400000000000091e+00,-5.330600000000000449e+00
-4.152400000000000091e+00,-5.330600000000000449e+00
-4.152400000000000091e+00,-5.330600000000000449e+00
-4.152400000000000091e+00,-5.330600000000000449e+00
-4.152400000000000091e+00,-5.330600000000000449e+00
-4.152400000000000091e+00,-5.330600000000000449e+00
-4.152400000000000091e+00,-5.330600000000000449e+00
-4.152400000000000091e+00,-5.330600000000000449e+00
-4.152400000000000091e+00,-5.330600000000000449e+00
-4.152400000000000091e+00,-5.330600000000000449e+00
-4.152400000000000091e+00,-5.330600000000000449e+00
-4.152400000000000091e+00,-5.330600000000000449e+00
-4.152400000000000091e+00,-5.330600000000000449e+00
-4.152400000000000091e+00,-5.330600000000000449e+00
-4.152400000000000091e+00,-5.330600000000000449e+00
-4.152400000000000091e+00,-5.330600000000000449e+00
-4.152400000000000091e+00,-5.330600000000000449e+00
-4.152400000000000091e+00,-5.330600000000000449e+00
-4.152400000000000091e+00,-5.330600000000000449e+00
-4.152400000000000091e+00,-5.330600000000000449e+00
-4.152400000000000091e+00,-5.330600000000000449e+00
-4.152400000000000091e+00,-5.330600000000000449e+00
-4.152400000000000091e+00,-5.330600000000000449e+00
-4.152400000000000091e+00,-5.330600000000000449e+00
-4.152400000000000091e+00,-5.330600000000000449e+00
-4.152400000000000091e+00,-5.330600000000000449e+00
-4.152400000000000091e+00,-5.330600000000000449e+00
-4.152400000000000091e+00,-5.330600000000000449e+00
-4.152400000000000091e+00,-5.330600000000000449e+00
-4.152400000000000091e+00,-5.330600000000000449e+00
-4.152400000000000091e+00,-5.330600000000000449e+00
-4.152400000000000091e+00,-5.330600000000000449e+00
-4.152400000000000091e+00,-5.330600000000000449e+00
-4.152400000000000091e+00,-5.330600000000000449e+00
-4.152400000000000091e+00,-5.330600000000000449e+00
-4.152400000000000091e+00,-5.330600000000000449e+00
-4.152400000000000091e+00,-5.330600000000000449e+00
-4.152400000000000091e+00,-5.330600000000000449e+00
-4.152400000000000091e+00,-5.330600000000000449e+00
-4.152400000000000091e+00,-5.330600000000000449e+00
-4.152400000000000091e+00,-5.330600000000000449e+00
-4.152400000000000091e+00,-5.330600000000000449e+00
-4.152400000000000091e+00,-5.330600000000000449e+00
-4.152400000000000091e+00,-5.330600000000000449e+00
-4.152400000000000091e+00,-5.330600000000000449e+00
-4.152400000000000091e+00,-5.330600000000000449e+00
-4.152400000000000091e+00,-5.330600000000000449e+00
-4.152400000000000091e+00,-5.330600000000000449e+00
-4.152400000000000091e+00,-5.330600000000000449e+00
-4.152400000000000091e+00,-5.330600000000000449e+00
-4.152400000000000091e+00,-5.330600000000000449e+00
-4.152400000000000091e+00,-5.330600000000000449e+00
-4.152400000000000091e+00,-5.330600000000000449e+00
-4.152400000000000091e+00,-5.330600000000000449e+00
-4.152400000000000091e+00,-5.330600000000000449e+00
-4.152400000000000091e+00,-5.330600000000000449e+00
-4.152400000000000091e+00,-5.330600000000000449e+00
-4.152400000000000091e+00,-5.330600000000000449e+00
-4.152400000000000091e+00,-5.330600000000000449e+00
-4.152400000000000091e+00,-5.330600000000000449e+00
-4.152400000000000091e+00,-5.330600000000000449e+00
-4.152400000000000091e+00,-5.330600000000000449e+00
-4.152400000000000091e+00,-5.330600000000000449e+00
-4.152400000000000091e+00,-5.330600000000000449e+00
-4.152400000000000091e+00,-5.330600000000000449e+00
-4.152400000000000091e+00,-5.330600000000000449e+00
-4.152400000000000091e+00,-5.330600000000000449e+00
-4.152400000000000091e+00,-5.330600000000000449e+00
-4.152400000000000091e+00,-5.330600000000000449e+00
-4.152400000000000091e+00,-5.330600000000000449e+00
-4.152400000000000091e+00,-5.330600000000000449e+00
-4.152400000000000091e+00,-5.330600000000000449e+00
-4.152400000000000091e+00,-5.330600000000000449e+00
-4.152400000000000091e+00,-5.330600000000000449e+00
-4.152400000000000091e+00,-5.330600000000000449e+00
-4.152400000000000091e+00,-5.330600000000000449e+00
-4.152400000000000091e+00,-5.330600000000000449e+00
-4.152400000000000091e+00,-5.330600000000000449e+00
-4.152400000000000091e+00,-5.330600000000000449e+00
-4.152400000000000091e+00,-5.330600000000000449e+00
-4.152400000000000091e+00,-5.330600000000000449e+00
-4.152400000000000091e+00,-5.330600000000000449e+00
-4.152400000000000091e+00,-5.330600000000000449e+00
-4.152400000000000091e+00,-5.330600000000000449e+00
-4.152400000000000091e+00,-5.330600000000000449e+00
-4.152400000000000091e+00,-5.330600000000000449e+00
-4.152400000000000091e+00,-5.330600000000000449e+00
-4.152400000000000091e+00,-5.330600000000000449e+00
-4.152400000000000091e+00,-5.330600000000000449e+00
-4.152400000000000091e+00,-5.330600000000000449e+00
-4.152400000000000091e+00,-5.330600000000000449e+00
-4.152400000000000091e+00,-5.330600000000000449e+00
-4.152400000000000091e+00,-5.330600000000000449e+00
-4.152400000000000091e+00,-5.330600000000000449e+00
-4.152400000000000091e+00,-5.330600000000000449e+00
-4.152400000000000091e+00,-5.330600000000000449e+00
-4.152400000000000091e+00,-5.330600000000000449e+00
-4.152400000000000091e+00,-5.330600000000000449e+00
-4.152400000000000091e+00,-5.330600000000000449e+00
-4.152400000000000091e+00,-5.330600000000000449e+00
-4.152400000000000091e+00,-5.330600000000000449e+00
-4.152400000000000091e+00,-5.330600000000000449e+00
-4.152400000000000091e+00,-5.330600000000000449e+00
-4.152400000000000091e+00,-5.330600000000000449e+00
-4.152400000000000091e+00,-5.330600000000000449e+00
-4.152400000000000091e+00,-5.330600000000000449e+00
-4.152400000000000091e+00,-5.330600000000000449e+00
-4.152400000000000091e+00,-5.330600000000000449e+00
-4.152400000000000091e+00,-5.330600000000000449e+00
-4.152400000000000091e+00,-5.330600000000000449e+00
-4.152400000000000091e+00,-5.330600000000000449e+00
-4.152400000000000091e+00,-5.330600000000000449e+00
-4.152400000000000091e+00,-5.330600000000000449e+00
-4.152400000000000091e+00,-5.330600000000000449e+00
-4.152400000000000091e+00,-5.330600000000000449e+00
-4.152400000000000091e+00,-5.330600000000000449e+00
-4.152400000000000091e+00,-5.330600000000000449e+00
-4.152400000000000091e+00,-5.330600000000000449e+00
-4.152400000000000091e+00,-5.330600000000000449e+00
-4.152400000000000091e+00,-5.330600000000000449e+00
-4.152400000000000091e+00,-5.330600000000000449e+00
-4.152400000000000091e+00,-5.330600000000000449e+00
-4.152400000000000091e+00,-5.330600000000000449e+00
-4.152400000000000091e+00,-5.330600000000000449e+00
-4.152400000000000091e+00,-5.330600000000000449e+00
-4.152400000000000091e+00,-5.330600000000000449e+00
-4.152400000000000091e+00,-5.330600000000000449e+00
-4.152400000000000091e+00,-5.330600000000000449e+00
-4.152400000000000091e+00,-5.330600000000000449e+00
-4.152400000000000091e+00,-5.330600000000000449e+00
-4.152400000000000091e+00,-5.330600000000000449e+00
-4.152400000000000091e+00,-5.330600000000000449e+00
-4.152400000000000091e+00,-5.330600000000000449e+00
-4.152400000000000091e+00,-5.330600000000000449e+00
-4.152400000000000091e+00,-5.330600000000000449e+00
-4.152400000000000091e+00,-5.330600000000000449e+00
-4.152400000000000091e+00,-5.330600000000000449e+00
-4.152400000000000091e+00,-5.330600000000000449e+00
-4.152400000000000091e+00,-5.330600000000000449e+00
-4.152400000000000091e+00,-5.330600000000000449e+00
-4.152400000000000091e+00,-5.330600000000000449e+00
-4.152400000000000091e+00,-5.330600000000000449e+00
-4.152400000000000091e+00,-5.330600000000000449e+00
-4.152400000000000091e+00,-5.330600000000000449e+00
-4.152400000000000091e+00,-5.330600000000000449e+00
-4.152400000000000091e+00,-5.330600000000000449e+00
-4.152400000000000091e+00,-5.330600000000000449e+00
-4.152400000000000091e+00,-5.330600000000000449e+00
-4.152400000000000091e+00,-5.330600000000000449e+00
-4.152400000000000091e+00,-5.330600000000000449e+00
-4.152400000000000091e+00,-5.330600000000000449e+00
-4.152400000000000091e+00,-5.330600000000000449e+00
-4.152400000000000091e+00,-5.330600000000000449e+00
-4.152400000000000091e+00,-5.330600000000000449e+00
-4.152400000000000091e+00,-5.330600000000000449e+00
-4.152400000000000091e+00,-5.330600000000000449e+00
-4.152400000000000091e+00,-5.330600000000000449e+00
-4.152400000000000091e+00,-5.330600000000000449e+00
-4.152400000000000091e+00,-5.330600000000000449e+00
-4.152400000000000091e+00,-5.330600000000000449e+00
-4.152400000000000091e+00,-5.330600000000000449e+00
-4.152400000000000091e+00,-5.330600000000000449e+00
-4.152400000000000091e+00,-5.330600000000000449e+00
-4.152400000000000091e+00,-5.330600000000000449e+00
-4.152400000000000091e+00,-5.330600000000000449e+00
-4.152400000000000091e+00,-5.330600000000000449e+00
-4.152400000000000091e+00,-5.330600000000000449e+00
-4.152400000000000091e+00,-5.330600000000000449e+00
-4.152400000000000091e+00,-5.330600000000000449e+00
-4.152400000000000091e+00,-5.330600000000000449e+00
-4.152400000000000091e+00,-5.330600000000000449e+00
-4.152400000000000091e+00,-5.330600000000000449e+00
-4.152400000000000091e+00,-5.330600000000000449e+00
-4.152400000000000091e+00,-5.330600000000000449e+00
-4.152400000000000091e+00,-5.330600000000000449e+00
-4.152400000000000091e+00,-5.330600000000000449e+00
-4.152400000000000091e+00,-5.330600000000000449e+00
-4.152400000000000091e+00,-5.330600000000000449e+00
-4.152400000000000091e+00,-5.330600000000000449e+00
-4.152400000000000091e+00,-5.330600000000000449e+00
-4.152400000000000091e+00,-5.330600000000000449e+00
-4.152400000000000091e+00,-5.330600000000000449e+00
-4.152400000000000091e+00,-5.330600000000000449e+00
-4.152400000000000091e+00,-5.330600000000000449e+00
-4.152400000000000091e+00,-5.330600000000000449e+00
-4.152400000000000091e+00,-5.330600000000000449e+00
-4.152400000000000091e+00,-5.330600000000000449e+00
-4.152400000000000091e+00,-5.330600000000000449e+00
-4.152400000000000091e+00,-5.330600000000000449e+00
-4.152400000000000091e+00,-5.330600000000000449e+00
-4.152400000000000091e+00,-5.330600000000000449e+00
-4.152400000000000091e+00,-5.330600000000000449e+00
-4.152400000000000091e+00,-5.330600000000000449e+00
-4.152400000000000091e+00,-5.330600000000000449e+00
-4.152400000000000091e+00,-5.330600000000000449e+00
-4.152400000000000091e+00,-5.330600000000000449e+00
-4.152400000000000091e+00,-5.330600000000000449e+00
-4.152400000000000091e+00,-5.330600000000000449e+00
-4.152400000000000091e+00,-5.330600000000000449e+00
-4.152400000000000091e+00,-5.330600000000000449e+00
-4.152400000000000091e+00,-5.330600000000000449e+00
-4.152400000000000091e+00,-5.330600000000000449e+00
-4.152400000000000091e+00,-5.330600000000000449e+00
-4.152400000000000091e+00,-5.330600000000000449e+00
-4.152400000000000091e+00,-5.330600000000000449e+00
-4.152400000000000091e+00,-5.330600000000000449e+00
-4.152400000000000091e+00,-5.330600000000000449e+00
-4.152400000000000091e+00,-5.330600000000000449e+00
-4.152400000000000091e+00,-5.330600000000000449e+00
-4.152400000000000091e+00,-5.330600000000000449e+00
-4.152400000000000091e+00,-5.330600000000000449e+00
-4.152400000000000091e+00,-5.330600000000000449e+00
-4.152400000000000091e+00,-5.330600000000000449e+00
-4.152400000000000091e+00,-5.330600000000000449e+00
-4.152400000000000091e+00,-5.330600000000000449e+00
-4.152400000000000091e+00,-5.330600000000000449e+00
-4.152400000000000091e+00,-5.330600000000000449e+00
-4.152400000000000091e+00,-5.330600000000000449e+00
-4.152400000000000091e+00,-5.330600000000000449e+00
-4.152400000000000091e+00,-5.330600000000000449e+00
-4.152400000000000091e+00,-5.330600000000000449e+00
-4.152400000000000091e+00,-5.330600000000000449e+00
-4.152400000000000091e+00,-5.330600000000000449e+00
-4.152400000000000091e+00,-5.330600000000000449e+00
-4.152400000000000091e+00,-5.330600000000000449e+00
-4.152400000000000091e+00,-5.330600000000000449e+00
-4.152400000000000091e+00,-5.330600000000000449e+00
-4.152400000000000091e+00,-5.330600000000000449e+00
-4.152400000000000091e+00,-5.330600000000000449e+00
-4.152400000000000091e+00,-5.330600000000000449e+00
-4.152400000000000091e+00,-5.330600000000000449e+00
-4.152400000000000091e+00,-5.330600000000000449e+00
-4.152400000000000091e+00,-5.330600000000000449e+00
-4.152400000000000091e+00,-5.330600000000000449e+00
-4.152400000000000091e+00,-5.330600000000000449e+00
-4.152400000000000091e+00,-5.330600000000000449e+00
-4.152400000000000091e+00,-5.330600000000000449e+00
-4.152400000000000091e+00,-5.330600000000000449e+00
-4.152400000000000091e+00,-5.330600000000000449e+00
-4.152400000000000091e+00,-5.330600000000000449e+00
-4.152400000000000091e+00,-5.330600000000000449e+00
-4.152400000000000091e+00,-5.330600000000000449e+00
-4.152400000000000091e+00,-5.330600000000000449e+00
-4.152400000000000091e+00,-5.330600000000000449e+00
-4.152400000000000091e+00,-5.330600000000000449e+00
-4.152400000000000091e+00,-5.330600000000000449e+00
-4.152400000000000091e+00,-5.330600000000000449e+00
-4.152400000000000091e+00,-5.330600000000000449e+00
-4.152400000000000091e+00,-5.330600000000000449e+00
-4.152400000000000091e+00,-5.330600000000000449e+00
-4.152400000000000091e+00,-5.330600000000000449e+00
-4.152400000000000091e+00,-5.330600000000000449e+00
-4.152400000000000091e+00,-5.330600000000000449e+00
-4.152400000000000091e+00,-5.330600000000000449e+00
-4.152400000000000091e+00,-5.330600000000000449e+00
-4.152400000000000091e+00,-5.330600000000000449e+00
-4.152400000000000091e+00,-5.330600000000000449e+00
-4.152400000000000091e+00,-5.330600000000000449e+00
-4.152400000000000091e+00,-5.330600000000000449e+00
-4.152400000000000091e+00,-5.330600000000000449e+00
-4.152400000000000091e+00,-5.330600000000000449e+00
-4.152400000000000091e+00,-5.330600000000000449e+00
-4.152400000000000091e+00,-5.330600000000000449e+00
-4.152400000000000091e+00,-5.330600000000000449e+00
-4.152400000000000091e+00,-5.330600000000000449e+00
-4.152400000000000091e+00,-5.330600000000000449e+00
-4.152400000000000091e+00,-5.330600000000000449e+00
-4.152400000000000091e+00,-5.330600000000000449e+00
-4.152400000000000091e+00,-5.330600000000000449e+00
-4.152400000000000091e+00,-5.330600000000000449e+00
-4.152400000000000091e+00,-5.330600000000000449e+00
-4.152400000000000091e+00,-5.330600000000000449e+00
-4.152400000000000091e+00,-5.330600000000000449e+00
-4.152400000000000091e+00,-5.330600000000000449e+00
-4.152400000000000091e+00,-5.330600000000000449e+00
-4.152400000000000091e+00,-5.330600000000000449e+00
-4.152400000000000091e+00,-5.330600000000000449e+00
-4.152400000000000091e+00,-5.330600000000000449e+00
-4.152400000000000091e+00,-5.330600000000000449e+00
-4.152400000000000091e+00,-5.330600000000000449e+00
-4.152400000000000091e+00,-5.330600000000000449e+00
-4.152400000000000091e+00,-5.330600000000000449e+00
-4.152400000000000091e+00,-5.330600000000000449e+00
-4.152400000000000091e+00,-5.330600000000000449e+00
-4.152400000000000091e+00,-5.330600000000000449e+00
-4.152400000000000091e+00,-5.330600000000000449e+00
-4.152400000000000091e+00,-5.330600000000000449e+00
-4.152400000000000091e+00,-5.330600000000000449e+00
-4.152400000000000091e+00,-5.330600000000000449e+00
-4.152400000000000091e+00,-5.330600000000000449e+00
-4.152400000000000091e+00,-5.330600000000000449e+00
-4.152400000000000091e+00,-5.330600000000000449e+00
-4.152400000000000091e+00,-5.330600000000000449e+00
-4.152400000000000091e+00,-5.330600000000000449e+00
-4.152400000000000091e+00,-5.330600000000000449e+00
-4.152400000000000091e+00,-5.330600000000000449e+00
-4.152400000000000091e+00,-5.330600000000000449e+00
-4.152400000000000091e+00,-5.330600000000000449e+00
-4.152400000000000091e+00,-5.330600000000000449e+00
-4.152400000000000091e+00,-5.330600000000000449e+00
-4.152400000000000091e+00,-5.330600000000000449e+00
-4.152400000000000091e+00,-5.330600000000000449e+00
-4.152400000000000091e+00,-5.330600000000000449e+00
-4.152400000000000091e+00,-5.330600000000000449e+00
-4.152400000000000091e+00,-5.330600000000000449e+00
-4.152400000000000091e+00,-5.330600000000000449e+00
-4.152400000000000091e+00,-5.330600000000000449e+00
-4.152400000000000091e+00,-5.330600000000000449e+00
-4.152400000000000091e+00,-5.330600000000000449e+00
-4.152400000000000091e+00,-5.330600000000000449e+00
-4.152400000000000091e+00,-5.330600000000000449e+00
-4.152400000000000091e+00,-5.330600000000000449e+00
-4.152400000000000091e+00,-5.330600000000000449e+00
-4.152400000000000091e+00,-5.330600000000000449e+00
-4.152400000000000091e+00,-5.330600000000000449e+00
-4.152400000000000091e+00,-5.330600000000000449e+00
-4.152400000000000091e+00,-5.330600000000000449e+00
-4.152400000000000091e+00,-5.330600000000000449e+00
-4.152400000000000091e+00,-5.330600000000000449e+00
-4.152400000000000091e+00,-5.330600000000000449e+00
-4.152400000000000091e+00,-5.330600000000000449e+00
-4.152400000000000091e+00,-5.330600000000000449e+00
-4.152400000000000091e+00,-5.330600000000000449e+00
-4.152400000000000091e+00,-5.330600000000000449e+00
-4.152400000000000091e+00,-5.330600000000000449e+00
-4.152400000000000091e+00,-5.330600000000000449e+00
-4.152400000000000091e+00,-5.330600000000000449e+00
-4.152400000000000091e+00,-5.330600000000000449e+00
-4.152400000000000091e+00,-5.330600000000000449e+00
-4.152400000000000091e+00,-5.330600000000000449e+00
-4.152400000000000091e+00,-5.330600000000000449e+00
-4.152400000000000091e+00,-5.330600000000000449e+00
-4.152400000000000091e+00,-5.330600000000000449e+00
-4.152400000000000091e+00,-5.330600000000000449e+00
-4.152400000000000091e+00,-5.330600000000000449e+00
-4.152400000000000091e+00,-5.330600000000000449e+00
-4.152400000000000091e+00,-5.330600000000000449e+00
-4.152400000000000091e+00,-5.330600000000000449e+00
-4.152400000000000091e+00,-5.330600000000000449e+00
-4.152400000000000091e+00,-5.330600000000000449e+00
-4.152400000000000091e+00,-5.330600000000000449e+00
-4.152400000000000091e+00,-5.330600000000000449e+00
-4.152400000000000091e+00,-5.330600000000000449e+00
-4.152400000000000091e+00,-5.330600000000000449e+00
-4.152400000000000091e+00,-5.330600000000000449e+00
-4.152400000000000091e+00,-5.330600000000000449e+00
-4.152400000000000091e+00,-5.330600000000000449e+00
-4.152400000000000091e+00,-5.330600000000000449e+00
-4.152400000000000091e+00,-5.330600000000000449e+00
-4.152400000000000091e+00,-5.330600000000000449e+00
-4.152400000000000091e+00,-5.330600000000000449e+00
-4.152400000000000091e+00,-5.330600000000000449e+00
-4.152400000000000091e+00,-5.330600000000000449e+00
-4.152400000000000091e+00,-5.330600000000000449e+00
-4.152400000000000091e+00,-5.330600000000000449e+00
-4.152400000000000091e+00,-5.330600000000000449e+00
-4.152400000000000091e+00,-5.330600000000000449e+00
-4.152400000000000091e+00,-5.330600000000000449e+00
-4.152400000000000091e+00,-5.330600000000000449e+00
-4.152400000000000091e+00,-5.330600000000000449e+00
-4.152400000000000091e+00,-5.330600000000000449e+00
-4.152400000000000091e+00,-5.330600000000000449e+00
-4.152400000000000091e+00,-5.330600000000000449e+00
-4.152400000000000091e+00,-5.330600000000000449e+00
-4.152400000000000091e+00,-5.330600000000000449e+00
-4.152400000000000091e+00,-5.330600000000000449e+00
-4.152400000000000091e+00,-5.330600000000000449e+00
-4.152400000000000091e+00,-5.330600000000000449e+00
-4.152400000000000091e+00,-5.330600000000000449e+00
-4.152400000000000091e+00,-5.330600000000000449e+00
-4.152400000000000091e+00,-5.330600000000000449e+00
-4.152400000000000091e+00,-5.330600000000000449e+00
-4.152400000000000091e+00,-5.330600000000000449e+00
-4.152400000000000091e+00,-5.330600000000000449e+00
-4.152400000000000091e+00,-5.330600000000000449e+00
-4.152400000000000091e+00,-5.330600000000000449e+00
-4.152400000000000091e+00,-5.330600000000000449e+00
-4.152400000000000091e+00,-5.330600000000000449e+00
-4.152400000000000091e+00,-5.330600000000000449e+00
-4.152400000000000091e+00,-5.330600000000000449e+00
-4.152400000000000091e+00,-5.330600000000000449e+00
-4.152400000000000091e+00,-5.330600000000000449e+00
-4.152400000000000091e+00,-5.330600000000000449e+00
-4.152400000000000091e+00,-5.330600000000000449e+00
-4.152400000000000091e+00,-5.330600000000000449e+00
-4.152400000000000091e+00,-5.330600000000000449e+00
-4.152400000000000091e+00,-5.330600000000000449e+00
-4.152400000000000091e+00,-5.330600000000000449e+00
-4.152400000000000091e+00,-5.330600000000000449e+00
-4.152400000000000091e+00,-5.330600000000000449e+00
-4.152400000000000091e+00,-5.330600000000000449e+00
-4.152400000000000091e+00,-5.330600000000000449e+00
-4.152400000000000091e+00,-5.330600000000000449e+00
-4.152400000000000091e+00,-5.330600000000000449e+00
-4.152400000000000091e+00,-5.330600000000000449e+00
-4.152400000000000091e+00,-5.330600000000000449e+00
-4.152400000000000091e+00,-5.330600000000000449e+00
-4.152400000000000091e+00,-5.330600000000000449e+00
-4.152400000000000091e+00,-5.330600000000000449e+00
-4.152400000000000091e+00,-5.330600000000000449e+00
-4.152400000000000091e+00,-5.330600000000000449e+00
-4.152400000000000091e+00,-5.330600000000000449e+00
-4.152400000000000091e+00,-5.330600000000000449e+00
-4.152400000000000091e+00,-5.330600000000000449e+00
-4.152400000000000091e+00,-5.330600000000000449e+00
-4.152400000000000091e+00,-5.330600000000000449e+00
-4.152400000000000091e+00,-5.330600000000000449e+00
-4.152400000000000091e+00,-5.330600000000000449e+00
-4.152400000000000091e+00,-5.330600000000000449e+00
-4.152400000000000091e+00,-5.330600000000000449e+00
-4.152400000000000091e+00,-5.330600000000000449e+00
-4.152400000000000091e+00,-5.330600000000000449e+00
-4.152400000000000091e+00,-5.330600000000000449e+00
-4.152400000000000091e+00,-5.330600000000000449e+00
-4.152400000000000091e+00,-5.330600000000000449e+00
-4.152400000000000091e+00,-5.330600000000000449e+00
-4.152400000000000091e+00,-5.330600000000000449e+00
-4.152400000000000091e+00,-5.330600000000000449e+00
-4.152400000000000091e+00,-5.330600000000000449e+00
-4.152400000000000091e+00,-5.330600000000000449e+00
-4.152400000000000091e+00,-5.330600000000000449e+00
-4.152400000000000091e+00,-5.330600000000000449e+00
-4.152400000000000091e+00,-5.330600000000000449e+00
-4.152400000000000091e+00,-5.330600000000000449e+00
-4.152400000000000091e+00,-5.330600000000000449e+00
-4.152400000000000091e+00,-5.330600000000000449e+00
-4.152400000000000091e+00,-5.330600000000000449e+00
-4.152400000000000091e+00,-5.330600000000000449e+00
-4.152400000000000091e+00,-5.330600000000000449e+00
-4.152400000000000091e+00,-5.330600000000000449e+00
-4.152400000000000091e+00,-5.330600000000000449e+00
-4.152400000000000091e+00,-5.330600000000000449e+00
-4.152400000000000091e+00,-5.330600000000000449e+00
-4.152400000000000091e+00,-5.330600000000000449e+00
-4.152400000000000091e+00,-5.330600000000000449e+00
-4.152400000000000091e+00,-5.330600000000000449e+00
-4.152400000000000091e+00,-5.330600000000000449e+00
-4.152400000000000091e+00,-5.330600000000000449e+00
-4.152400000000000091e+00,-5.330600000000000449e+00
-4.152400000000000091e+00,-5.330600000000000449e+00
-4.152400000000000091e+00,-5.330600000000000449e+00
-4.152400000000000091e+00,-5.330600000000000449e+00
-4.152400000000000091e+00,-5.330600000000000449e+00
-4.152400000000000091e+00,-5.330600000000000449e+00
-4.152400000000000091e+00,-5.330600000000000449e+00
-4.152400000000000091e+00,-5.330600000000000449e+00
-4.152400000000000091e+00,-5.330600000000000449e+00
-4.152400000000000091e+00,-5.330600000000000449e+00
-4.152400000000000091e+00,-5.330600000000000449e+00
-4.152400000000000091e+00,-5.330600000000000449e+00
-4.152400000000000091e+00,-5.330600000000000449e+00
-4.152400000000000091e+00,-5.330600000000000449e+00
-4.152400000000000091e+00,-5.330600000000000449e+00
-4.152400000000000091e+00,-5.330600000000000449e+00
-4.152400000000000091e+00,-5.330600000000000449e+00
-4.152400000000000091e+00,-5.330600000000000449e+00
-4.152400000000000091e+00,-5.330600000000000449e+00
-4.152400000000000091e+00,-5.330600000000000449e+00
-4.152400000000000091e+00,-5.330600000000000449e+00
-4.152400000000000091e+00,-5.330600000000000449e+00
-4.152400000000000091e+00,-5.330600000000000449e+00
-4.152400000000000091e+00,-5.330600000000000449e+00
-4.152400000000000091e+00,-5.330600000000000449e+00
-4.152400000000000091e+00,-5.330600000000000449e+00
-4.152400000000000091e+00,-5.330600000000000449e+00
-4.152400000000000091e+00,-5.330600000000000449e+00
-4.152400000000000091e+00,-5.330600000000000449e+00
-4.152400000000000091e+00,-5.330600000000000449e+00
-4.152400000000000091e+00,-5.330600000000000449e+00
-4.152400000000000091e+00,-5.330600000000000449e+00
-4.152400000000000091e+00,-5.330600000000000449e+00
-4.152400000000000091e+00,-5.330600000000000449e+00
-4.152400000000000091e+00,-5.330600000000000449e+00
-4.152400000000000091e+00,-5.330600000000000449e+00
-4.152400000000000091e+00,-5.330600000000000449e+00
-4.152400000000000091e+00,-5.330600000000000449e+00
-4.152400000000000091e+00,-5.330600000000000449e+00
-4.152400000000000091e+00,-5.330600000000000449e+00
-4.152400000000000091e+00,-5.330600000000000449e+00
-4.152400000000000091e+00,-5.330600000000000449e+00
-4.152400000000000091e+00,-5.330600000000000449e+00
-4.152400000000000091e+00,-5.330600000000000449e+00
-4.152400000000000091e+00,-5.330600000000000449e+00
-4.152400000000000091e+00,-5.330600000000000449e+00
-4.152400000000000091e+00,-5.330600000000000449e+00
-4.152400000000000091e+00,-5.330600000000000449e+00
-4.152400000000000091e+00,-5.330600000000000449e+00
-4.152400000000000091e+00,-5.330600000000000449e+00
-4.152400000000000091e+00,-5.330600000000000449e+00
-4.152400000000000091e+00,-5.330600000000000449e+00
-4.152400000000000091e+00,-5.330600000000000449e+00
-4.152400000000000091e+00,-5.330600000000000449e+00
-4.152400000000000091e+00,-5.330600000000000449e+00
-4.152400000000000091e+00,-5.330600000000000449e+00
-4.152400000000000091e+00,-5.330600000000000449e+00
-4.152400000000000091e+00,-5.330600000000000449e+00
-4.152400000000000091e+00,-5.330600000000000449e+00
-4.152400000000000091e+00,-5.330600000000000449e+00
-4.152400000000000091e+00,-5.330600000000000449e+00
-4.152400000000000091e+00,-5.330600000000000449e+00
-4.152400000000000091e+00,-5.330600000000000449e+00
-4.152400000000000091e+00,-5.330600000000000449e+00
-4.152400000000000091e+00,-5.330600000000000449e+00
-4.152400000000000091e+00,-5.330600000000000449e+00
-4.152400000000000091e+00,-5.330600000000000449e+00
-4.152400000000000091e+00,-5.330600000000000449e+00
-4.152400000000000091e+00,-5.330600000000000449e+00
-4.152400000000000091e+00,-5.330600000000000449e+00
-4.152400000000000091e+00,-5.330600000000000449e+00
-4.152400000000000091e+00,-5.330600000000000449e+00
-4.152400000000000091e+00,-5.330600000000000449e+00
-4.152400000000000091e+00,-5.330600000000000449e+00
-4.152400000000000091e+00,-5.330600000000000449e+00
-4.152400000000000091e+00,-5.330600000000000449e+00
-4.152400000000000091e+00,-5.330600000000000449e+00
-4.152400000000000091e+00,-5.330600000000000449e+00
-4.152400000000000091e+00,-5.330600000000000449e+00
-4.152400000000000091e+00,-5.330600000000000449e+00
-4.152400000000000091e+00,-5.330600000000000449e+00
-4.152400000000000091e+00,-5.330600000000000449e+00
-4.152400000000000091e+00,-5.330600000000000449e+00
-4.152400000000000091e+00,-5.330600000000000449e+00
-4.152400000000000091e+00,-5.330600000000000449e+00
-4.152400000000000091e+00,-5.330600000000000449e+00
-4.152400000000000091e+00,-5.330600000000000449e+00
-4.152400000000000091e+00,-5.330600000000000449e+00
-4.152400000000000091e+00,-5.330600000000000449e+00
-4.152400000000000091e+00,-5.330600000000000449e+00
-4.152400000000000091e+00,-5.330600000000000449e+00
-4.152400000000000091e+00,-5.330600000000000449e+00
-4.152400000000000091e+00,-5.330600000000000449e+00
-4.152400000000000091e+00,-5.330600000000000449e+00
-4.152400000000000091e+00,-5.330600000000000449e+00
-4.152400000000000091e+00,-5.330600000000000449e+00
-4.152400000000000091e+00,-5.330600000000000449e+00
-4.152400000000000091e+00,-5.330600000000000449e+00
-4.152400000000000091e+00,-5.330600000000000449e+00
-4.152400000000000091e+00,-5.330600000000000449e+00
-4.152400000000000091e+00,-5.330600000000000449e+00
-4.152400000000000091e+00,-5.330600000000000449e+00
-4.152400000000000091e+00,-5.330600000000000449e+00
-4.152400000000000091e+00,-5.330600000000000449e+00
-4.152400000000000091e+00,-5.330600000000000449e+00
-4.152400000000000091e+00,-5.330600000000000449e+00
-4.152400000000000091e+00,-5.330600000000000449e+00
-4.152400000000000091e+00,-5.330600000000000449e+00
-4.152400000000000091e+00,-5.330600000000000449e+00
-4.152400000000000091e+00,-5.330600000000000449e+00
-4.152400000000000091e+00,-5.330600000000000449e+00
-4.152400000000000091e+00,-5.330600000000000449e+00
-4.152400000000000091e+00,-5.330600000000000449e+00
-4.152400000000000091e+00,-5.330600000000000449e+00
-4.152400000000000091e+00,-5.330600000000000449e+00
-4.152400000000000091e+00,-5.330600000000000449e+00
-4.152400000000000091e+00,-5.330600000000000449e+00
-4.152400000000000091e+00,-5.330600000000000449e+00
-4.152400000000000091e+00,-5.330600000000000449e+00
-4.152400000000000091e+00,-5.330600000000000449e+00
-4.152400000000000091e+00,-5.330600000000000449e+00
-4.152400000000000091e+00,-5.330600000000000449e+00
-4.152400000000000091e+00,-5.330600000000000449e+00
-4.152400000000000091e+00,-5.330600000000000449e+00
-4.152400000000000091e+00,-5.330600000000000449e+00
-4.152400000000000091e+00,-5.330600000000000449e+00
-4.152400000000000091e+00,-5.330600000000000449e+00
-4.152400000000000091e+00,-5.330600000000000449e+00
-4.152400000000000091e+00,-5.330600000000000449e+00
-4.152400000000000091e+00,-5.330600000000000449e+00
-4.152400000000000091e+00,-5.330600000000000449e+00
-4.152400000000000091e+00,-5.330600000000000449e+00
-4.152400000000000091e+00,-5.330600000000000449e+00
-4.212999999999999190e+00,-5.330600000000000449e+00
-3.728199999999999292e+00,-5.330600000000000449e+00
-2.940400000000000347e+00,-5.270000000000000462e+00
-2.273799999999999599e+00,-5.209400000000000475e+00
-1.849600000000000577e+00,-5.209400000000000475e+00
-1.304199999999999804e+00,-5.148800000000000487e+00
-6.981999999999999318e-01,-5.088200000000000500e+00
-1.527999999999991587e-01,-5.027600000000000513e+00
5.137999999999998124e-01,-4.906400000000000539e+00
1.119799999999999685e+00,-4.664000000000000590e+00
1.544000000000000483e+00,-4.482200000000000628e+00
2.028800000000000381e+00,-4.300400000000000666e+00
2.574200000000001154e+00,-4.118600000000000705e+00
3.180199999999999250e+00,-3.936800000000000743e+00
3.483200000000000074e+00,-3.876200000000000756e+00
4.149799999999999045e+00,-3.755000000000000782e+00
4.816400000000001569e+00,-3.512600000000000833e+00
5.301200000000001467e+00,-3.270200000000000884e+00
5.725400000000000489e+00,-3.149000000000000909e+00
6.331399999999998585e+00,-2.967200000000000948e+00
6.695000000000000284e+00,-2.906600000000000961e+00
7.240400000000001057e+00,-2.846000000000000973e+00
7.846399999999999153e+00,-2.846000000000000973e+00
8.270600000000001728e+00,-3.027800000000000935e+00
8.452400000000000801e+00,-3.149000000000000909e+00
8.815999999999998948e+00,-3.512600000000000833e+00
9.240200000000001523e+00,-3.936800000000000743e+00
9.785599999999998744e+00,-4.361000000000000654e+00
1.087640000000000029e+01,-4.785200000000000564e+00
1.172480000000000189e+01,-4.785200000000000564e+00
1.245200000000000173e+01,-4.724600000000000577e+00
1.408820000000000050e+01,-2.603600000000001025e+00
1.390640000000000143e+01,-1.512800000000000367e+00
1.372459999999999880e+01,-9.674000000000004817e-01
1.354279999999999973e+01,-4.826000000000005841e-01
1.323979999999999890e+01,1.839999999999992752e-01
1.124000000000000199e+01,1.335399999999999920e+00
1.069460000000000122e+01,1.395999999999999019e+00
1.014920000000000044e+01,1.395999999999999019e+00
9.603799999999999670e+00,1.395999999999999019e+00
9.058399999999998897e+00,1.335399999999999920e+00
8.452400000000000801e+00,1.335399999999999920e+00
7.907000000000000028e+00,1.335399999999999920e+00
7.361599999999999255e+00,1.335399999999999920e+00
6.816200000000002035e+00,1.274799999999999045e+00
6.210200000000000387e+00,1.274799999999999045e+00
5.664799999999999613e+00,1.274799999999999045e+00
4.755800000000000693e+00,1.214199999999999946e+00
4.574000000000001620e+00,1.214199999999999946e+00
3.967999999999999972e+00,1.214199999999999946e+00
3.422599999999999199e+00,1.214199999999999946e+00
2.574200000000001154e+00,1.153599999999999071e+00
2.331799999999999429e+00,1.153599999999999071e+00
1.786400000000000432e+00,1.153599999999999071e+00
1.240999999999999659e+00,1.153599999999999071e+00
4.532000000000007134e-01,1.092999999999999972e+00
8.960000000000079012e-02,1.092999999999999972e+00
-4.557999999999999829e-01,1.092999999999999972e+00
-1.001199999999998980e+00,1.092999999999999972e+00
