0.000000000000000000e+00;-8.970256700000001082e-01;5.733428999999999887e-01;1.589236199999999988e+00;-2.851300000000000189e-03;3.696806580000000064e+00;-2.491689000000000043e+00
1.999508500000000133e-01;-1.095402879999999968e+00;5.701475300000000690e-01;1.585055199999999997e+00;-1.384699999999999993e-03;3.683305020000000596e+00;-4.569625900000000129e+00
3.999016900000000319e-01;-1.294809869999999918e+00;5.674878200000000872e-01;1.583683900000000033e+00;1.699999999999999987e-05;3.658414370000000027e+00;-6.280846399999999718e+00
5.998525399999999896e-01;-1.496286440000000217e+00;5.648018700000000392e-01;1.584953800000000079e+00;1.065399999999999984e-03;3.623923790000000089e+00;-8.805041100000000398e+00
7.998033800000000637e-01;-1.695736899999999991e+00;5.617642000000000468e-01;1.587107700000000010e+00;1.098000000000000018e-03;3.575011680000000247e+00;-1.000999069999999946e+01
9.997542299999999660e-01;-1.896001360000000080e+00;5.582733100000000226e-01;1.589368499999999962e+00;1.169799999999999920e-03;3.518580299999999994e+00;-1.067837349999999930e+01
1.199705070000000040e+00;-2.096576600000000123e+00;5.543052699999999611e-01;1.591823500000000058e+00;1.278899999999999915e-03;3.457365670000000168e+00;-1.096493830000000003e+01
1.399655920000000053e+00;-2.296617869999999950e+00;5.498415100000000333e-01;1.594397099999999901e+00;1.299699999999999987e-03;3.393359339999999946e+00;-1.098576040000000020e+01
1.599606760000000127e+00;-2.496937100000000243e+00;5.448423900000000097e-01;1.597261100000000100e+00;1.817000000000000039e-03;3.327997180000000110e+00;-1.104213919999999938e+01
1.799557610000000141e+00;-2.696462970000000237e+00;5.391236499999999543e-01;1.602025699999999997e+00;2.980099999999999850e-03;3.260979640000000401e+00;-1.119327819999999996e+01
1.999508459999999932e+00;-2.896949900000000078e+00;5.323051800000000444e-01;1.607067900000000105e+00;1.729099999999999908e-03;3.191608860000000103e+00;-1.110236190000000001e+01
2.199459300000000006e+00;-3.096377580000000407e+00;5.248322100000000212e-01;1.609002299999999996e+00;5.435000000000000378e-04;3.121278870000000261e+00;-1.104044329999999974e+01
2.399410150000000019e+00;-3.295926160000000049e+00;5.171101500000000462e-01;1.609874999999999945e+00;3.269999999999999795e-04;3.049733200000000366e+00;-1.089375399999999949e+01
2.599360990000000093e+00;-3.495888680000000193e+00;5.092230800000000501e-01;1.610631600000000052e+00;4.924000000000000425e-04;2.977453530000000015e+00;-1.063974190000000064e+01
2.799311840000000107e+00;-3.695433069999999987e+00;5.011546199999999951e-01;1.611896699999999960e+00;8.448000000000000431e-04;2.905123820000000023e+00;-1.035532749999999957e+01
2.999262680000000181e+00;-3.895089569999999668e+00;4.927385700000000424e-01;1.614134799999999981e+00;1.395299999999999926e-03;2.832954840000000196e+00;-9.895996500000000751e+00
3.199213530000000194e+00;-4.094813280000000333e+00;4.837470400000000170e-01;1.617719899999999988e+00;2.220600000000000091e-03;2.762225649999999977e+00;-9.436413500000000454e+00
3.399164380000000207e+00;-4.294430290000000205e+00;4.738718399999999886e-01;1.623039099999999957e+00;3.145199999999999906e-03;2.693051580000000111e+00;-8.952608899999999537e+00
3.599115220000000281e+00;-4.494123040000000735e+00;4.627318000000000264e-01;1.630348099999999967e+00;4.159799999999999956e-03;2.625739980000000529e+00;-8.141311999999999216e+00
3.799066070000000295e+00;-4.693585490000000249e+00;4.499038699999999835e-01;1.640230300000000030e+00;5.751499999999999668e-03;2.562993950000000076e+00;-7.570473100000000066e+00
3.999016910000000369e+00;-4.892976710000000118e+00;4.347771100000000222e-01;1.653329199999999943e+00;7.333899999999999968e-03;2.503236600000000145e+00;-7.023815800000000387e+00
4.198967760000000382e+00;-5.092176140000000295e+00;4.167237900000000383e-01;1.669542300000000035e+00;8.874200000000000491e-03;2.446489310000000472e+00;-6.176403600000000438e+00
4.398918600000000012e+00;-5.290897050000000768e+00;3.951576300000000375e-01;1.688740399999999919e+00;1.033419999999999998e-02;2.395477929999999755e+00;-5.730088199999999965e+00
4.598869450000000469e+00;-5.489191380000000287e+00;3.694845800000000069e-01;1.710812900000000081e+00;1.170120000000000014e-02;2.347161540000000102e+00;-5.325297400000000181e+00
4.798820290000000099e+00;-5.686877590000000815e+00;3.391727700000000123e-01;1.735505000000000075e+00;1.297910000000000036e-02;2.301349120000000248e+00;-4.851502799999999560e+00
4.998771140000000557e+00;-5.883620260000000712e+00;3.037686400000000342e-01;1.762543600000000099e+00;1.407219999999999999e-02;2.258803959999999833e+00;-4.634024400000000377e+00
5.198721990000000126e+00;-6.079312360000000304e+00;2.628412099999999918e-01;1.791725999999999930e+00;1.508699999999999972e-02;2.217403870000000055e+00;-4.446065899999999793e+00
5.398672830000000644e+00;-6.273743259999999822e+00;2.160152600000000145e-01;1.822855300000000067e+00;1.604169999999999902e-02;2.176943040000000273e+00;-4.252006100000000011e+00
5.598623680000000213e+00;-6.466472679999999862e+00;1.630055900000000058e-01;1.855874100000000082e+00;1.699180000000000135e-02;2.137531880000000051e+00;-4.091990299999999969e+00
5.798574519999999843e+00;-6.657292599999999894e+00;1.034809700000000054e-01;1.890789099999999889e+00;1.794689999999999827e-02;2.098905230000000177e+00;-3.954170500000000033e+00
5.998525370000000301e+00;-6.845976030000000101e+00;3.710590000000000416e-02;1.927638200000000079e+00;1.889530000000000029e-02;2.060891850000000414e+00;-3.798163600000000084e+00
6.198476209999999931e+00;-7.031854029999999867e+00;-3.628449000000000257e-02;1.966354699999999900e+00;1.984170000000000031e-02;2.023706010000000166e+00;-3.694316600000000061e+00
6.398427060000000388e+00;-7.214675240000000045e+00;-1.169855000000000200e-01;2.006952500000000139e+00;2.080289999999999917e-02;1.986869310000000333e+00;-3.603458400000000061e+00
6.598377910000000846e+00;-7.394208840000001004e+00;-2.053304700000000149e-01;2.049540799999999940e+00;2.175530000000000172e-02;1.950268380000000024e+00;-3.521154099999999953e+00
6.798328750000000475e+00;-7.569426599999999894e+00;-3.012306500000000442e-01;2.093919899999999945e+00;2.266040000000000068e-02;1.913827369999999917e+00;-3.428542799999999779e+00
6.998279600000000045e+00;-7.740186579999999594e+00;-4.049988500000000768e-01;2.140074199999999927e+00;2.355749999999999858e-02;1.877665359999999950e+00;-3.334870200000000118e+00
7.198230440000000563e+00;-7.906246729999999445e+00;-5.169520800000000360e-01;2.188189700000000126e+00;2.449679999999999913e-02;1.841810299999999900e+00;-3.095747799999999827e+00
7.398181290000000132e+00;-8.066137890000000255e+00;-6.365636700000000259e-01;2.238381500000000024e+00;2.580189999999999914e-02;1.807889850000000243e+00;-2.492857900000000182e+00
7.598132130000000650e+00;-8.219896070000000776e+00;-7.644630600000000831e-01;2.291294800000000187e+00;2.697890000000000010e-02;1.780105590000000237e+00;-1.924289200000000033e+00
7.798082980000000219e+00;-8.366618329999999659e+00;-9.005526700000001661e-01;2.346267899999999962e+00;2.796960000000000071e-02;1.758358110000000085e+00;-1.124274400000000007e+00
7.998033820000000738e+00;-8.505228710000000802e+00;-1.044307040000000075e+00;2.402739299999999911e+00;2.855550000000000102e-02;1.745526660000000341e+00;-9.539636000000000227e-01
8.197984670000000307e+00;-8.635547600000000656e+00;-1.195885600000000215e+00;2.460366899999999912e+00;2.905069999999999875e-02;1.734564540000000044e+00;-7.533374000000000459e-01
8.397935520000000764e+00;-8.756910379999998995e+00;-1.354845210000000133e+00;2.518751099999999798e+00;2.929150000000000156e-02;1.725858650000000161e+00;-1.016924699999999904e+00
8.597886360000000394e+00;-8.868415269999999850e+00;-1.520148200000000172e+00;2.577870799999999907e+00;3.013040000000000163e-02;1.714036490000000246e+00;-1.273127600000000026e+00
8.797837210000000852e+00;-8.970247929999999315e+00;-1.692650750000000093e+00;2.638988499999999959e+00;3.079880000000000118e-02;1.699119920000000228e+00;-2.178065999999999836e+00
8.997788050000000482e+00;-9.060896730000001398e+00;-1.870342790000000255e+00;2.700888700000000142e+00;3.126090000000000119e-02;1.673292340000000156e+00;-2.879580999999999946e+00
9.197738900000000939e+00;-9.140460590000001773e+00;-2.053754909999999878e+00;2.763821800000000106e+00;3.164179999999999771e-02;1.638521390000000189e+00;-3.473880799999999880e+00
9.397689740000000569e+00;-9.208406970000000413e+00;-2.242275760000000062e+00;2.827664899999999815e+00;3.209929999999999728e-02;1.595566119999999977e+00;-3.609320400000000095e+00
9.597640590000001026e+00;-9.263788160000000715e+00;-2.433810250000000508e+00;2.893197300000000194e+00;3.381780000000000203e-02;1.549675420000000026e+00;-3.589179999999999815e+00
9.797591439999999707e+00;-9.306342850000000055e+00;-2.629782900000000367e+00;2.962988600000000083e+00;3.581349999999999811e-02;1.502651660000000167e+00;-3.783868200000000126e+00
9.997542280000001114e+00;-9.334569780000000705e+00;-2.827099030000000290e+00;3.036835099999999787e+00;3.827509999999999940e-02;1.451428429999999992e+00;-3.743415800000000182e+00
1.019749312999999979e+01;-9.347696439999999996e+00;-3.026937460000000080e+00;3.116019099999999931e+00;4.087280000000000080e-02;1.398908379999999951e+00;-3.757416999999999785e+00
1.039744397000000120e+01;-9.344425890000000123e+00;-3.226825079999999790e+00;-3.082166099999999798e+00;4.426540000000000336e-02;1.344129790000000213e+00;-3.676574399999999798e+00
1.059739481999999988e+01;-9.323511820000000228e+00;-3.425457620000000425e+00;-2.990019900000000064e+00;4.783830000000000027e-02;1.288277169999999971e+00;-3.568588300000000046e+00
1.079734566000000129e+01;-9.283663190000000398e+00;-3.621539520000000678e+00;-2.891185699999999859e+00;5.080280000000000212e-02;1.231645089999999998e+00;-3.440167199999999870e+00
1.099729650999999997e+01;-9.224590539999999450e+00;-3.810840999999999923e+00;-2.784680300000000219e+00;5.729709999999999664e-02;1.174468709999999971e+00;-3.285657200000000167e+00
1.119724735000000138e+01;-9.143134540000000143e+00;-3.994930490000000223e+00;-2.663694700000000193e+00;6.217430000000000179e-02;1.117131490000000005e+00;-4.088976599999999628e+00
1.139719820000000006e+01;-9.040718789999999672e+00;-4.164711239999999925e+00;-2.529797100000000132e+00;7.406600000000000683e-02;1.041375960000000100e+00;-3.884679300000000168e+00
1.159714905000000051e+01;-8.912181300000000306e+00;-4.319938480000000247e+00;-2.364914199999999855e+00;8.955899999999999972e-02;9.639060700000000592e-01;-1.083617999999999970e+00
1.179709989000000014e+01;-8.761278860000000890e+00;-4.448215020000000131e+00;-2.185248699999999822e+00;9.153790000000000537e-02;9.411593099999999712e-01;-9.603024000000000004e-01
1.199705074000000060e+01;-8.586785130000000876e+00;-4.548399869999999900e+00;-1.997614299999999954e+00;9.480779999999999763e-02;9.205314700000001293e-01;-8.100802999999999754e-01
1.219700158000000023e+01;-8.397326550000000722e+00;-4.613908910000000141e+00;-1.810518800000000095e+00;9.319560000000000344e-02;9.027640599999999793e-01;-7.862567000000000306e-01
1.239695243000000069e+01;-8.199987390000000431e+00;-4.642532090000000444e+00;-1.615377199999999958e+00;1.045742000000000060e-01;8.851781800000000366e-01;-5.738931999999999922e-01
1.259690327000000032e+01;-7.997145129999999824e+00;-4.629340009999999950e+00;-1.394293500000000074e+00;1.121791000000000038e-01;8.721182900000000737e-01;-5.369939999999999714e-01
1.279685412000000078e+01;-7.809224079999999901e+00;-4.572994260000000644e+00;-1.158998200000000089e+00;1.295976000000000072e-01;8.597184600000000732e-01;1.552758400000000094e+00
1.299680496999999946e+01;-7.635033870000000000e+00;-4.469417790000000501e+00;-9.219268000000000463e-01;9.742149999999999421e-02;8.951038499999999232e-01;1.831073600000000079e+00
1.319675580999999909e+01;-7.488427740000000554e+00;-4.337774259999999771e+00;-7.689882000000000106e-01;6.296019999999999395e-02;9.351127500000000481e-01;1.941290500000000030e+00
1.339670666000000132e+01;-7.358115700000000814e+00;-4.184262989999999682e+00;-6.378730999999999707e-01;6.531510000000000093e-02;9.757399100000001546e-01;2.408515299999999915e+00
1.359665750000000095e+01;-7.250496390000001234e+00;-4.018408939999999596e+00;-5.169158999999999837e-01;5.466139999999999888e-02;1.023906889999999903e+00;2.916311199999999992e+00
1.379660834999999963e+01;-7.160634670000000312e+00;-3.840522219999999987e+00;-4.241152000000000255e-01;3.816880000000000273e-02;1.079355870000000106e+00;4.190619500000000386e+00
1.399655918999999926e+01;-7.084326700000000088e+00;-3.655776730000000363e+00;-3.651351999999999931e-01;2.063370000000000135e-02;1.154379779999999966e+00;4.828912700000000058e+00
1.419651004000000150e+01;-7.015749140000000494e+00;-3.468145030000000517e+00;-3.410966999999999749e-01;4.502500000000000425e-03;1.235192980000000107e+00;5.584793000000000340e+00
1.439646088000000113e+01;-6.948815600000000536e+00;-3.279599840000000377e+00;-3.456555000000000044e-01;-9.018200000000000521e-03;1.322512200000000249e+00;4.283788200000000046e+00
1.459641172999999981e+01;-6.878665870000000737e+00;-3.092625210000000013e+00;-3.763983000000000190e-01;-2.164649999999999908e-02;1.385766190000000009e+00;2.633833200000000208e+00
1.479636258000000026e+01;-6.800413800000000286e+00;-2.908618860000000250e+00;-4.318398999999999988e-01;-3.383939999999999865e-02;1.423262229999999962e+00;-1.765407999999999977e-01
1.499631342000000167e+01;-6.709855750000000008e+00;-2.730278580000000233e+00;-5.120390000000000219e-01;-4.633559999999999762e-02;1.420779880000000217e+00;-1.060295800000000010e+00
1.519626427000000035e+01;-6.603756749999999620e+00;-2.560939100000000135e+00;-6.068824999999999914e-01;-4.634579999999999950e-02;1.405778810000000156e+00;-1.167019999999999946e+00
1.539621510999999998e+01;-6.482286590000000182e+00;-2.402005960000000329e+00;-6.978252999999999817e-01;-4.521540000000000281e-02;1.389080540000000141e+00;-9.108697000000000044e-01
1.559616596000000044e+01;-6.347028630000000504e+00;-2.254889279999999996e+00;-7.894301000000000235e-01;-4.642129999999999868e-02;1.375906580000000101e+00;-9.239456000000000335e-01
1.579611680000000007e+01;-6.198724099999999737e+00;-2.120914300000000363e+00;-8.829656999999999645e-01;-4.700920000000000099e-02;1.362413360000000129e+00;-7.014127999999999474e-01
1.599606765000000053e+01;-6.038395050000000097e+00;-2.001408109999999851e+00;-9.778419000000000416e-01;-4.750039999999999818e-02;1.352080080000000128e+00;1.217342900000000006e+00
1.619601850000000098e+01;-5.867618209999999834e+00;-1.897485250000000123e+00;-1.069242599999999932e+00;-4.398849999999999982e-02;1.369964340000000114e+00;1.441156199999999998e+00
1.639596934000000061e+01;-5.688294439999999952e+00;-1.808948110000000220e+00;-1.154023299999999974e+00;-4.071339999999999681e-02;1.390839450000000088e+00;1.649759500000000045e+00
1.659592019000000107e+01;-5.502552290000000568e+00;-1.735370960000000018e+00;-1.232216800000000001e+00;-3.762549999999999922e-02;1.414358000000000004e+00;1.826216899999999921e+00
1.679587103000000070e+01;-5.311551650000000180e+00;-1.675876570000000232e+00;-1.304403699999999944e+00;-3.449809999999999682e-02;1.439944190000000068e+00;2.099151399999999779e+00
1.699582188000000116e+01;-5.117054670000000804e+00;-1.629728779999999988e+00;-1.370238400000000079e+00;-3.141789999999999861e-02;1.468803830000000143e+00;2.502560100000000176e+00
1.719577272000000079e+01;-4.920079920000000051e+00;-1.595896250000000016e+00;-1.430230700000000077e+00;-2.865240000000000148e-02;1.502485440000000061e+00;3.420710999999999835e+00
1.739572357000000125e+01;-4.720929690000000178e+00;-1.573169080000000219e+00;-1.481833500000000026e+00;-2.227869999999999850e-02;1.547338780000000025e+00;4.006860900000000392e+00
1.759567441000000088e+01;-4.521382340000000610e+00;-1.559383320000000239e+00;-1.519485299999999928e+00;-1.525319999999999974e-02;1.598277930000000069e+00;4.904061200000000120e+00
1.779562526000000133e+01;-4.321728219999999787e+00;-1.551669130000000063e+00;-1.542265599999999903e+00;-7.425499999999999809e-03;1.658495280000000127e+00;5.410587500000000105e+00
1.799557610999999824e+01;-4.121197620000000228e+00;-1.546934730000000258e+00;-1.549759799999999910e+00;-1.908000000000000028e-04;1.722491480000000186e+00;3.855213299999999954e+00
1.819552695000000142e+01;-3.921965039999999902e+00;-1.542289090000000140e+00;-1.542868600000000034e+00;6.636900000000000265e-03;1.766676970000000013e+00;2.673023999999999956e-01
1.839547780000000188e+01;-3.722549510000000339e+00;-1.535039990000000021e+00;-1.524273400000000001e+00;1.197420000000000082e-02;1.769699689999999936e+00;-6.031569499999999806e+00
1.859542864000000151e+01;-3.523443000000000325e+00;-1.523182940000000096e+00;-1.497585500000000014e+00;1.445480000000000029e-02;1.700186320000000029e+00;-7.183652900000000230e+00
1.879537948999999841e+01;-3.325007760000000090e+00;-1.505676000000000236e+00;-1.468134000000000050e+00;1.410280000000000040e-02;1.613492490000000279e+00;-7.762975700000000145e+00
1.899533032999999804e+01;-3.125535049999999870e+00;-1.482435030000000209e+00;-1.442367399999999966e+00;1.077400000000000059e-02;1.514237529999999943e+00;-9.967164600000000263e+00
1.919528118000000205e+01;-2.928711510000000295e+00;-1.456029960000000179e+00;-1.438013100000000044e+00;-5.865699999999999734e-03;1.376345420000000042e+00;-8.452869800000000211e+00
1.939523203000000251e+01;-2.730139709999999997e+00;-1.431759989999999982e+00;-1.466681200000000018e+00;-2.471879999999999911e-02;1.247515540000000200e+00;-7.187859200000000115e+00
1.959518287000000214e+01;-2.529436850000000181e+00;-1.417271080000000127e+00;-1.537757000000000041e+00;-4.552169999999999828e-02;1.126433000000000018e+00;-5.031121899999999592e+00
1.979513372000000260e+01;-2.330097320000000138e+00;-1.421149360000000250e+00;-1.650080900000000073e+00;-6.752360000000000306e-02;1.033274349999999897e+00;-4.521129300000000129e+00
1.999508456000000223e+01;-2.132087030000000105e+00;-1.452016790000000057e+00;-1.807042800000000060e+00;-8.463759999999999339e-02;9.417298800000000192e-01;-4.081518400000000213e+00
2.019503541000000268e+01;-1.942560220000000060e+00;-1.515459080000000069e+00;-1.983250699999999922e+00;-9.261510000000000575e-02;8.506671199999999988e-01;-1.764502299999999968e+00
2.039498625000000231e+01;-1.771786440000000074e+00;-1.610396150000000137e+00;-2.177310799999999880e+00;-1.038820000000000021e-01;8.081285799999999853e-01;-7.311651999999999596e-01
2.059493710000000277e+01;-1.617598730000000096e+00;-1.742731980000000069e+00;-2.377485000000000070e+00;-8.859419999999999795e-02;7.898306100000000995e-01;-5.824420999999999626e-01
2.079488794000000240e+01;-1.495105230000000063e+00;-1.897251569999999887e+00;-2.575100400000000178e+00;-1.175155999999999978e-01;7.749454400000000964e-01;-5.636516000000000304e-01
2.099483879000000286e+01;-1.410858880000000148e+00;-2.080924219999999991e+00;-2.866905800000000060e+00;-1.700984000000000107e-01;7.602630500000000513e-01;-4.563343999999999734e-01
2.119478963999999976e+01;-1.387621430000000045e+00;-2.276501070000000126e+00;3.114516899999999922e+00;-1.368700999999999945e-01;7.481651000000000273e-01;-4.453445999999999794e-01
2.139474047999999939e+01;-1.419388709999999998e+00;-2.475823060000000186e+00;2.858441700000000196e+00;-1.193021999999999971e-01;7.361668400000001000e-01;-1.701458000000000137e-01
2.159469133000000340e+01;-1.497193410000000169e+00;-2.661481130000000306e+00;2.636458399999999980e+00;-1.033262999999999959e-01;7.315309000000000950e-01;-1.690708999999999962e-01
2.179464217000000303e+01;-1.610042670000000120e+00;-2.824178149999999832e+00;2.433492600000000117e+00;-1.046031999999999934e-01;7.268949600000000899e-01;1.342490699999999926e+00
2.199459301999999994e+01;-1.756528309999999982e+00;-2.962322509999999909e+00;2.220526399999999789e+00;-1.041076999999999975e-01;7.629303499999999794e-01;1.472862300000000069e+00
2.219454385999999957e+01;-1.925212829999999986e+00;-3.065697060000000196e+00;2.024620000000000086e+00;-9.223950000000000204e-02;8.006014800000000875e-01;1.898222300000000029e+00
2.239449471000000358e+01;-2.113795250000000348e+00;-3.137678049999999885e+00;1.849016500000000063e+00;-8.398110000000000297e-02;8.466835000000000333e-01;2.072339500000000001e+00
2.259444556000000048e+01;-2.309199239999999875e+00;-3.175951360000000001e+00;1.677572199999999958e+00;-8.682460000000000178e-02;8.942852800000000713e-01;2.517848299999999817e+00
2.279439640000000011e+01;-2.510853050000000142e+00;-3.180946840000000275e+00;1.520135400000000025e+00;-6.736440000000000483e-02;9.489127200000000428e-01;3.395871899999999943e+00
2.299434725000000412e+01;-2.707863300000000084e+00;-3.159356710000000401e+00;1.411353800000000103e+00;-4.239439999999999875e-02;1.017957189999999956e+00;4.556158100000000211e+00
2.319429809000000375e+01;-2.902613840000000334e+00;-3.121631430000000318e+00;1.358581899999999898e+00;-9.231800000000000075e-03;1.103828960000000192e+00;3.807560899999999915e+00
2.339424894000000066e+01;-3.095934430000000237e+00;-3.080327180000000276e+00;1.372205499999999967e+00;2.189429999999999849e-02;1.170770419999999978e+00;8.488200999999999663e-01
2.359419978000000029e+01;-3.292218019999999967e+00;-3.046943670000000104e+00;1.439877199999999968e+00;4.452459999999999751e-02;1.185178400000000076e+00;-5.191432100000000105e+00
2.379415063000000075e+01;-3.490978380000000048e+00;-3.030853249999999832e+00;1.545310299999999915e+00;6.000830000000000053e-02;1.094093960000000143e+00;-5.060611500000000262e+00
2.399410147000000393e+01;-3.690085899999999697e+00;-3.038559270000000367e+00;1.679417299999999891e+00;7.694439999999999613e-02;9.973298700000001737e-01;-4.747453100000000425e+00
2.419405232000000083e+01;-3.887744050000000229e+00;-3.077223150000000018e+00;1.855221699999999974e+00;9.676129999999999454e-02;8.971150500000000250e-01;-1.674873499999999904e+00
2.439400317000000129e+01;-4.070269119999999852e+00;-3.150787510000000236e+00;2.053959799999999891e+00;1.022866999999999943e-01;8.589743600000000479e-01;-7.188923000000000396e-01
2.459395401000000092e+01;-4.237989739999999728e+00;-3.262396750000000178e+00;2.262568200000000029e+00;1.040418000000000037e-01;8.420738200000000839e-01;-6.866177999999999448e-01
2.479390486000000138e+01;-4.375460549999999671e+00;-3.402381539999999926e+00;2.469360399999999789e+00;1.080359999999999931e-01;8.256090800000001062e-01;-6.649450999999999556e-01
2.499385570000000101e+01;-4.481670570000000353e+00;-3.570959119999999931e+00;2.691260499999999833e+00;1.134877999999999998e-01;8.093448500000000045e-01;-5.034762000000000404e-01
2.519380655000000147e+01;-4.548769730000000067e+00;-3.764240440000000021e+00;2.921535800000000016e+00;1.072099999999999997e-01;7.968092600000000747e-01;-2.364883999999999875e-01
2.539375739000000110e+01;-4.571424750000000259e+00;-3.963685040000000104e+00;3.136967900000000142e+00;1.116574000000000039e-01;7.908525700000000880e-01;-2.347138000000000002e-01
2.559370824000000155e+01;-4.548287550000000401e+00;-4.162712789999999607e+00;-2.895057099999999828e+00;1.428207999999999978e-01;7.848958800000001013e-01;1.715229000000000059e-01
2.579365909000000201e+01;-4.469592310000000346e+00;-4.350981130000000086e+00;-2.604254599999999975e+00;1.273450000000000137e-01;7.892533000000000465e-01;2.929960999999999816e-01
2.599360993000000519e+01;-4.347211990000000803e+00;-4.509932820000000397e+00;-2.374452699999999972e+00;1.043686999999999948e-01;7.966415300000000421e-01;8.573577999999999477e-01
2.619356078000000210e+01;-4.194861550000000605e+00;-4.638533230000000174e+00;-2.168160100000000146e+00;1.066947000000000034e-01;8.178775099999999743e-01;2.035847200000000079e+00
2.639351161999999817e+01;-4.017383220000000144e+00;-4.733217510000000239e+00;-1.956577800000000034e+00;9.774539999999999618e-02;8.662202300000001465e-01;2.098781300000000183e+00
2.659346246999999863e+01;-3.831712919999999745e+00;-4.790740399999999788e+00;-1.794609399999999910e+00;7.368550000000000100e-02;9.133827800000000607e-01;2.101040699999999983e+00
2.679341331000000181e+01;-3.634079349999999931e+00;-4.821311520000000073e+00;-1.657796700000000012e+00;6.211690000000000267e-02;9.582740100000001204e-01;2.725108699999999828e+00
2.699336415999999872e+01;-3.435164100000000165e+00;-4.827298470000000563e+00;-1.549205200000000060e+00;4.612469999999999765e-02;1.013541629999999971e+00;3.280716799999999989e+00
2.719331500000000190e+01;-3.237155500000000075e+00;-4.815334120000000162e+00;-1.479193999999999898e+00;2.350860000000000102e-02;1.076319220000000021e+00;4.234315999999999747e+00
2.739326585000000236e+01;-3.038608659999999961e+00;-4.792889950000000177e+00;-1.438643799999999917e+00;1.823879999999999946e-02;1.152299469999999992e+00;4.650217099999999881e+00
2.759321669999999926e+01;-2.840981259999999953e+00;-4.763246850000000698e+00;-1.406752500000000072e+00;1.349700000000000032e-02;1.230348339999999929e+00;5.111791400000000429e+00
2.779316754000000245e+01;-2.643999369999999960e+00;-4.728239850000000466e+00;-1.384708899999999909e+00;8.602099999999999677e-03;1.310793059999999954e+00;5.355894100000000435e+00
2.799311839000000290e+01;-2.447335670000000185e+00;-4.689700720000000267e+00;-1.370582100000000025e+00;6.153299999999999569e-03;1.390094080000000121e+00;5.584141100000000080e+00
2.819306922999999898e+01;-2.252005550000000245e+00;-4.648917440000000845e+00;-1.359850699999999968e+00;4.744100000000000227e-03;1.468220790000000164e+00;5.453738699999999717e+00
2.839302008000000299e+01;-2.056337570000000170e+00;-4.606048860000000467e+00;-1.350395900000000093e+00;4.698700000000000099e-03;1.540703810000000118e+00;5.503994800000000076e+00
2.859297091999999907e+01;-1.861327100000000234e+00;-4.561402960000000562e+00;-1.341178500000000051e+00;4.387699999999999587e-03;1.610550810000000332e+00;5.556711100000000236e+00
2.879292176999999953e+01;-1.667401359999999944e+00;-4.515217559999999963e+00;-1.332994000000000012e+00;3.818000000000000213e-03;1.678120300000000231e+00;5.443851399999999785e+00
2.899287262000000354e+01;-1.472629860000000068e+00;-4.467243349999999502e+00;-1.325721099999999986e+00;3.431599999999999928e-03;1.741777330000000124e+00;5.503841200000000100e+00
2.919282345999999961e+01;-1.278840380000000110e+00;-4.418096550000000455e+00;-1.319256999999999902e+00;3.039299999999999988e-03;1.803853600000000057e+00;5.534165200000000340e+00
2.939277431000000007e+01;-1.085902549999999911e+00;-4.367918410000000584e+00;-1.313594799999999951e+00;2.635499999999999822e-03;1.864188830000000241e+00;5.455534400000000339e+00
2.959272515000000325e+01;-8.920814999999999717e-01;-4.316412859999999796e+00;-1.308637899999999910e+00;2.305000000000000191e-03;1.921813660000000201e+00;5.493187700000000007e+00
2.979267600000000016e+01;-6.990971500000000560e-01;-4.264175119999999986e+00;-1.304363699999999904e+00;1.982700000000000001e-03;1.978140859999999890e+00;5.516263900000000220e+00
2.999262684000000334e+01;-5.067644800000000727e-01;-4.211296110000000148e+00;-1.300723000000000074e+00;1.674900000000000000e-03;2.033134919999999735e+00;5.465279100000000057e+00
3.019257769000000380e+01;-3.138675200000000665e-01;-4.157558830000000150e+00;-1.297546199999999983e+00;1.495299999999999971e-03;2.086191510000000360e+00;5.474533400000000327e+00
3.039252852999999988e+01;-1.213727800000000134e-01;-4.103302370000000643e+00;-1.294524400000000020e+00;1.631000000000000071e-03;2.138018370000000168e+00;5.490858399999999584e+00
3.059247938000000033e+01;7.052202999999999944e-02;-4.048539560000000037e+00;-1.291029800000000005e+00;1.761799999999999998e-03;2.188767440000000342e+00;5.486146899999999604e+00
3.079243023000000434e+01;2.625262100000000376e-01;-3.993028910000000486e+00;-1.287781700000000029e+00;1.478699999999999893e-03;2.238324110000000200e+00;5.424386400000000386e+00
3.099238107000000042e+01;4.541541500000000342e-01;-3.937011220000000478e+00;-1.285095600000000005e+00;1.215099999999999991e-03;2.286267039999999806e+00;5.418413100000000426e+00
3.119233192000000088e+01;6.458145299999999978e-01;-3.880474530000000311e+00;-1.282811399999999935e+00;1.174099999999999970e-03;2.333173850000000105e+00;5.411904200000000387e+00
3.139228276000000051e+01;8.377060100000000009e-01;-3.823376900000000411e+00;-1.280315799999999893e+00;1.312699999999999978e-03;2.379101340000000064e+00;5.360249500000000111e+00
3.159223361000000097e+01;1.029065520000000067e+00;-3.765892250000000274e+00;-1.277594899999999978e+00;1.409099999999999936e-03;2.423732760000000042e+00;5.332506200000000085e+00
3.179218445000000415e+01;1.220200870000000215e+00;-3.707887910000000176e+00;-1.274686699999999950e+00;1.503900000000000072e-03;2.467332220000000298e+00;5.330384500000000081e+00
3.199213530000000105e+01;1.411558040000000069e+00;-3.649187469999999767e+00;-1.271586099999999941e+00;1.586200000000000066e-03;2.510157620000000200e+00;5.301385299999999745e+00
3.219208615000000151e+01;1.602640329999999835e+00;-3.589908100000000601e+00;-1.268358499999999944e+00;1.640200000000000078e-03;2.552037340000000043e+00;5.256836599999999748e+00
3.239203699000000114e+01;1.793182870000000095e+00;-3.530112680000000225e+00;-1.265063899999999908e+00;1.652500000000000106e-03;2.592897290000000243e+00;5.260324500000000292e+00
3.259198784000000160e+01;1.983914280000000252e+00;-3.469565250000000489e+00;-1.261759800000000098e+00;1.633200000000000016e-03;2.633149750000000289e+00;5.243599299999999630e+00
3.279193868000000123e+01;2.174445160000000321e+00;-3.408396549999999969e+00;-1.258555099999999927e+00;1.570999999999999914e-03;2.672670960000000040e+00;5.201747199999999793e+00
3.299188953000000168e+01;2.364446379999999959e+00;-3.346742590000000295e+00;-1.255538100000000101e+00;1.440300000000000044e-03;2.711307580000000161e+00;5.211273799999999845e+00
3.319184037000000131e+01;2.554583179999999842e+00;-3.284439100000000167e+00;-1.252809999999999979e+00;1.255800000000000059e-03;2.749470590000000048e+00;5.198975599999999808e+00
3.339179122000000177e+01;2.744524130000000284e+00;-3.221673239999999883e+00;-1.250565900000000008e+00;9.895999999999999849e-04;2.787022860000000435e+00;5.169978699999999705e+00
3.359174206000000140e+01;2.934126940000000516e+00;-3.158606100000000083e+00;-1.248910500000000035e+00;6.551000000000000399e-04;2.823870530000000212e+00;5.118263699999999972e+00
3.379169291000000186e+01;3.123881050000000048e+00;-3.095213259999999966e+00;-1.247992100000000049e+00;1.512999999999999914e-04;2.859881989999999874e+00;4.945839600000000225e+00
3.399164376000000232e+01;3.313542040000000188e+00;-3.031800470000000303e+00;-1.248564000000000007e+00;-7.207000000000000082e-04;2.894254640000000212e+00;2.943103999999999942e+00
3.419159460000000195e+01;3.503335740000000254e+00;-2.968642290000000017e+00;-1.250780500000000073e+00;-1.467200000000000101e-03;2.914516280000000403e+00;1.497730400000000017e+00
3.439154545000000240e+01;3.693307490000000470e+00;-2.906043890000000296e+00;-1.254436099999999943e+00;-2.202400000000000191e-03;2.924773440000000058e+00;-1.485070799999999913e+00
3.459149629000000203e+01;3.883508680000000268e+00;-2.844299960000000294e+00;-1.259639100000000012e+00;-3.002799999999999914e-03;2.914603130000000153e+00;-3.873415500000000122e+00
3.479144714000000249e+01;4.074070139999999896e+00;-2.783711800000000292e+00;-1.266666099999999906e+00;-4.133799999999999975e-03;2.887908050000000060e+00;-5.267205200000000254e+00
3.499139798000000212e+01;4.265055960000000645e+00;-2.724723430000000057e+00;-1.276222900000000049e+00;-5.432199999999999876e-03;2.851206140000000389e+00;-6.890016000000000140e+00
3.519134883000000258e+01;4.456757970000000846e+00;-2.667788980000000088e+00;-1.288420899999999980e+00;-6.768699999999999890e-03;2.802470969999999895e+00;-6.285112400000000044e+00
3.539129967999999593e+01;4.649189650000000285e+00;-2.613458400000000292e+00;-1.303228199999999948e+00;-7.993999999999999370e-03;2.757263290000000033e+00;-5.819579300000000011e+00
3.559125052000000267e+01;4.842415190000000536e+00;-2.562222510000000231e+00;-1.320353000000000110e+00;-9.123199999999999713e-03;2.714732930000000266e+00;-5.194562200000000018e+00
3.579120137000000312e+01;5.036610020000000354e+00;-2.514486350000000314e+00;-1.339450800000000052e+00;-9.977200000000000304e-03;2.676199439999999985e+00;-4.946293899999999688e+00
3.599115221000000275e+01;5.231681890000000834e+00;-2.470639900000000111e+00;-1.360197000000000100e+00;-1.072309999999999930e-02;2.638984719999999840e+00;-4.721962999999999688e+00
3.619110306000000321e+01;5.427631520000000265e+00;-2.430987390000000303e+00;-1.382282299999999964e+00;-1.137029999999999985e-02;2.602961440000000071e+00;-4.472841299999999798e+00
3.639105390000000284e+01;5.624458050000000320e+00;-2.395789979999999986e+00;-1.405593199999999987e+00;-1.194420000000000030e-02;2.568372740000000043e+00;-4.322492399999999790e+00
3.659100475000000330e+01;5.822054709999999744e+00;-2.365304450000000003e+00;-1.430034900000000109e+00;-1.249899999999999969e-02;2.534498240000000013e+00;-4.163151499999999672e+00
3.679095559000000293e+01;6.020369269999999773e+00;-2.339763980000000299e+00;-1.455575700000000028e+00;-1.304860000000000048e-02;2.501438830000000113e+00;-3.978793399999999814e+00
3.699090643999999628e+01;6.219198720000000513e+00;-2.319404959999999960e+00;-1.482066899999999965e+00;-1.343860000000000020e-02;2.469429810000000280e+00;-3.888751399999999858e+00
3.719085729000000384e+01;6.418630799999999859e+00;-2.304383889999999990e+00;-1.509301000000000004e+00;-1.384460000000000031e-02;2.437739070000000119e+00;-3.794891600000000143e+00
3.739080813000000347e+01;6.618383050000000267e+00;-2.294898729999999887e+00;-1.537611000000000061e+00;-1.449699999999999947e-02;2.406410900000000019e+00;-3.747031400000000012e+00
3.759075897999999682e+01;6.817926889999999851e+00;-2.291080889999999926e+00;-1.564974899999999947e+00;-1.250320000000000077e-02;2.375072419999999962e+00;-3.702826099999999787e+00
3.779070982000000356e+01;7.017685700000000359e+00;-2.292245920000000048e+00;-1.587823299999999938e+00;-1.155250000000000027e-02;2.343692030000000148e+00;-3.663082800000000194e+00
3.799066067000000402e+01;7.217662380000000155e+00;-2.298138180000000030e+00;-1.613534699999999988e+00;-1.410989999999999987e-02;2.312229449999999797e+00;-3.634812499999999780e+00
3.819061151000000365e+01;7.417229400000000084e+00;-2.309618449999999878e+00;-1.643449799999999961e+00;-1.564240000000000075e-02;2.280580690000000299e+00;-3.599783599999999861e+00
3.839056236000000411e+01;7.616880779999999795e+00;-2.327403890000000253e+00;-1.676445799999999986e+00;-1.765519999999999937e-02;2.248797970000000035e+00;-3.590140599999999793e+00
3.859051321000000456e+01;7.815363760000000326e+00;-2.352275319999999947e+00;-1.715842799999999890e+00;-2.179669999999999871e-02;2.216646569999999983e+00;-3.579119500000000009e+00
3.879046405000000419e+01;8.012680180000000263e+00;-2.385712669999999758e+00;-1.761453900000000017e+00;-2.197730000000000170e-02;2.184122800000000364e+00;-3.555929200000000012e+00
3.899041490000000465e+01;8.207852790000000454e+00;-2.427642050000000218e+00;-1.802394100000000110e+00;-1.904300000000000090e-02;2.151322890000000321e+00;-3.594266000000000183e+00
3.919036574000000428e+01;8.401769260000000017e+00;-2.477271449999999930e+00;-1.840219000000000049e+00;-1.874709999999999918e-02;2.117653160000000145e+00;-3.563700100000000148e+00
3.939031658999999763e+01;8.593510759999999138e+00;-2.534085940000000203e+00;-1.877550199999999947e+00;-1.896590000000000081e-02;2.083732690000000165e+00;-3.540942499999999882e+00
3.959026743000000437e+01;8.782799340000000399e+00;-2.598111550000000491e+00;-1.916873700000000014e+00;-2.048389999999999933e-02;2.049472870000000224e+00;-3.657954699999999892e+00
3.979021828000000482e+01;8.969952750000000918e+00;-2.669976910000000370e+00;-1.957683599999999968e+00;-1.985639999999999974e-02;2.013468850000000199e+00;-4.549142899999999656e+00
3.999016912000000445e+01;9.153388630000000248e+00;-2.748907459999999858e+00;-1.996088199999999979e+00;-1.817440000000000028e-02;1.967774330000000127e+00;-6.425272500000000164e+00
4.019011997000000491e+01;9.333947190000001726e+00;-2.834439400000000386e+00;-2.029211800000000121e+00;-1.493470000000000041e-02;1.901364789999999916e+00;-9.689167899999999278e+00
4.039007082000000537e+01;9.512366489999999786e+00;-2.925266970000000022e+00;-2.050613400000000031e+00;-5.112199999999999904e-03;1.796584710000000307e+00;-9.481624800000000519e+00
4.059002166000000500e+01;9.689364440000000300e+00;-3.017637410000000298e+00;-2.049119099999999971e+00;6.278299999999999680e-03;1.687763259999999876e+00;-7.966293399999999636e+00
4.078997251000000546e+01;9.867620010000001329e+00;-3.107868010000000236e+00;-2.026151599999999942e+00;1.675580000000000125e-02;1.590588389999999963e+00;-6.412839199999999629e+00
4.098992334999999798e+01;1.004868575000000064e+01;-3.192037840000000237e+00;-1.982285700000000039e+00;2.706690000000000138e-02;1.507819910000000263e+00;-5.443464500000000150e+00
4.118987420000000554e+01;1.023381918000000113e+01;-3.266265760000000462e+00;-1.918871900000000075e+00;3.633039999999999881e-02;1.433818620000000266e+00;-4.514847200000000171e+00
4.138982504000000517e+01;1.042464574000000077e+01;-3.327158490000000413e+00;-1.837852700000000006e+00;4.422000000000000236e-02;1.369410940000000076e+00;-3.597361600000000159e+00
4.158977588999999853e+01;1.061910798000000078e+01;-3.371049339999999894e+00;-1.746939100000000078e+00;4.686560000000000031e-02;1.315837080000000103e+00;-3.252353700000000014e+00
4.178972673999999898e+01;1.081791925000000099e+01;-3.396633630000000181e+00;-1.649389200000000111e+00;5.051220000000000016e-02;1.265450530000000073e+00;-2.925909700000000058e+00
4.198967758000000572e+01;1.101782476000000166e+01;-3.401947859999999935e+00;-1.543731399999999976e+00;5.538590000000000180e-02;1.218342080000000216e+00;-2.846803799999999995e+00
4.218962842999999907e+01;1.121731525000000040e+01;-3.385121460000000138e+00;-1.427962299999999907e+00;6.035639999999999755e-02;1.170689230000000025e+00;-2.522485500000000158e+00
4.238957927000000581e+01;1.141305991000000120e+01;-3.344366710000000076e+00;-1.301200899999999994e+00;6.572680000000000189e-02;1.126782430000000002e+00;-2.036116600000000165e+00
4.258953012000000626e+01;1.160146203000000042e+01;-3.278424660000000657e+00;-1.165381999999999918e+00;7.067329999999999446e-02;1.090052290000000035e+00;-9.987749000000000210e-01
4.278948095999999879e+01;1.177934834000000031e+01;-3.186415240000000093e+00;-1.020940299999999912e+00;7.294259999999999633e-02;1.071574919999999986e+00;-7.968505000000000171e-01
4.298943181000000635e+01;1.194131353000000040e+01;-3.069932539999999932e+00;-8.729753999999999570e-01;7.487560000000000049e-02;1.056601450000000053e+00;-7.818268000000000439e-01
4.318938264999999888e+01;1.208406520000000128e+01;-2.930711780000000211e+00;-7.224595999999999796e-01;7.609470000000000123e-02;1.041701130000000086e+00;7.222695000000000087e-01
4.338933349999999933e+01;1.220501392000000074e+01;-2.770975879999999947e+00;-5.761249999999999982e-01;6.952579999999999871e-02;1.055473789999999967e+00;1.178905799999999893e+00
4.358928435000000690e+01;1.230223389000000012e+01;-2.596383750000000212e+00;-4.407245000000000190e-01;6.729319999999999746e-02;1.077575779999999872e+00;1.510797699999999910e+00
4.378923518999999942e+01;1.237489004000000037e+01;-2.411156690000000324e+00;-3.070242000000000249e-01;6.744759999999999645e-02;1.105254100000000017e+00;1.422433000000000058e+00
4.398918603999999988e+01;1.242199895000000076e+01;-2.217444540000000242e+00;-1.695804999999999951e-01;6.898469999999999602e-02;1.130694459999999957e+00;1.365308600000000094e+00
4.418913688000000661e+01;1.244242055000000136e+01;-2.019758620000000171e+00;-3.910070000000000212e-02;6.128320000000000295e-02;1.154586019999999991e+00;1.339590199999999953e+00
4.438908772999999997e+01;1.243838355000000107e+01;-1.818781030000000021e+00;7.709199999999999386e-02;5.483650000000000330e-02;1.177556510000000056e+00;1.317316799999999954e+00
4.458903857000000670e+01;1.241221380000000174e+01;-1.620316289999999881e+00;1.847070000000000101e-01;5.359869999999999912e-02;1.199716240000000100e+00;1.337401300000000015e+00
4.478898942000000716e+01;1.236490574000000109e+01;-1.425829260000000209e+00;2.924108999999999736e-01;5.348649999999999932e-02;1.221802750000000160e+00;1.363913699999999896e+00
4.498894027000000051e+01;1.229742895000000047e+01;-1.238281630000000133e+00;3.979539000000000271e-01;5.242900000000000338e-02;1.243923260000000086e+00;1.394195300000000026e+00
4.518889111000000014e+01;1.221046977000000133e+01;-1.058198839999999974e+00;5.010693000000000508e-01;5.033739999999999742e-02;1.266135540000000059e+00;1.431138000000000021e+00
4.538884196000000770e+01;1.210634045000000114e+01;-8.885431200000000196e-01;5.993502000000000551e-01;4.859499999999999931e-02;1.288538179999999977e+00;1.482516399999999956e+00
4.558879280000000023e+01;1.198555915000000027e+01;-7.288623600000000424e-01;6.952441000000000315e-01;4.678709999999999813e-02;1.311341569999999956e+00;1.552227100000000082e+00
4.578874365000000068e+01;1.185038721000000095e+01;-5.812067200000000655e-01;7.866250000000000187e-01;4.466710000000000125e-02;1.334799819999999970e+00;1.734393499999999921e+00
4.598869449000000031e+01;1.170296635000000052e+01;-4.464777300000000171e-01;8.729573999999999945e-01;4.156050000000000022e-02;1.360532700000000261e+00;1.881872599999999895e+00
4.618864534000000077e+01;1.154430890999999981e+01;-3.240779000000000298e-01;9.535059999999999647e-01;3.853499999999999981e-02;1.387914130000000190e+00;2.185815900000000145e+00
4.638859618000000751e+01;1.137707327000000035e+01;-2.144676200000000255e-01;1.026386900000000102e+00;3.450899999999999801e-02;1.419054889999999958e+00;2.503789100000000101e+00
4.658854703000000086e+01;1.120251615000000101e+01;-1.165964199999999923e-01;1.092057300000000009e+00;3.110339999999999980e-02;1.453906370000000114e+00;2.741477999999999859e+00
4.678849788000000132e+01;1.102254534000000064e+01;-2.992633000000000099e-02;1.150805700000000042e+00;2.773130000000000039e-02;1.491132430000000175e+00;3.204922499999999896e+00
4.698844872000000805e+01;1.083778369000000197e+01;4.674074999999999758e-02;1.203040499999999957e+00;2.446680000000000035e-02;1.533506210000000092e+00;3.449378400000000067e+00
4.718839957000000140e+01;1.064963329000000058e+01;1.142297200000000068e-01;1.248672100000000063e+00;2.123970000000000025e-02;1.577841100000000107e+00;3.733206800000000047e+00
4.738835041000000103e+01;1.045879084000000070e+01;1.736683700000000163e-01;1.288021899999999942e+00;1.813309999999999922e-02;1.624461170000000010e+00;4.066662199999999672e+00
4.758830126000000149e+01;1.026577958000000024e+01;2.261622899999999881e-01;1.321604900000000082e+00;1.549589999999999995e-02;1.673768390000000217e+00;4.271207600000000326e+00
4.778825210000000112e+01;1.007131672999999950e+01;2.726301100000000366e-01;1.350044000000000022e+00;1.303379999999999990e-02;1.724037969999999920e+00;4.517998399999999748e+00
4.798820295000000158e+01;9.875699009999999944e+00;3.140076000000000533e-01;1.373923699999999970e+00;1.085599999999999933e-02;1.775663940000000274e+00;4.728869699999999732e+00
4.818815379000000121e+01;9.679111820000001032e+00;3.511445699999999892e-01;1.393583900000000098e+00;8.830199999999999855e-03;1.828138600000000169e+00;4.901652600000000248e+00
4.838810464000000167e+01;9.482168970000000030e+00;3.847599200000000330e-01;1.409257800000000005e+00;7.025700000000000174e-03;1.880986090000000166e+00;5.074788599999999761e+00
4.858805549000000212e+01;9.284591080000000218e+00;4.155937299999999945e-01;1.422412900000000091e+00;6.121399999999999932e-03;1.934179490000000001e+00;5.197289399999999837e+00
4.878800633000000175e+01;9.086703900000001610e+00;4.439995900000000550e-01;1.433739099999999933e+00;5.226299999999999696e-03;1.987181620000000315e+00;5.318675299999999773e+00
4.898795718000000221e+01;8.888532120000000702e+00;4.703359100000000237e-01;1.443322200000000111e+00;4.388399999999999766e-03;2.039996449999999850e+00;5.366457900000000336e+00
4.918790802000000184e+01;8.690065420000001595e+00;4.949211600000000266e-01;1.451612099999999961e+00;3.901500000000000020e-03;2.091934769999999943e+00;5.405033099999999813e+00
4.938785887000000230e+01;8.491438350000001023e+00;5.179510999999999976e-01;1.459017500000000078e+00;3.588699999999999789e-03;2.142974399999999946e+00;5.447819700000000154e+00
4.958780971000000193e+01;8.292706340000000509e+00;5.395469499999999696e-01;1.466036899999999976e+00;3.434599999999999893e-03;2.193216470000000307e+00;5.361928400000000039e+00
4.978776056000000239e+01;8.093706160000001759e+00;5.597840899999999564e-01;1.472844800000000065e+00;3.374499999999999895e-03;2.241567069999999884e+00;5.387342699999999596e+00
4.998771141000000284e+01;7.894632919999999388e+00;5.786720500000001044e-01;1.479536299999999915e+00;3.317399999999999863e-03;2.289118530000000096e+00;5.386591600000000035e+00
5.018766225000000247e+01;7.695520650000000629e+00;5.962319600000000053e-01;1.486110899999999901e+00;3.261899999999999869e-03;2.335695690000000102e+00;5.324924399999999558e+00
5.038761310000000293e+01;7.496105369999999546e+00;6.125083600000000850e-01;1.492583999999999911e+00;3.209399999999999840e-03;2.380844179999999977e+00;5.343517900000000154e+00
5.058756394000000256e+01;7.296725680000000658e+00;6.274939800000001178e-01;1.498951499999999992e+00;3.158600000000000123e-03;2.425305590000000233e+00;5.329845899999999581e+00
5.078751479000000302e+01;7.097316590000000147e+00;6.412161000000000666e-01;1.505212900000000076e+00;3.107599999999999859e-03;2.468855730000000026e+00;5.285428900000000318e+00
5.098746563000000265e+01;6.897588480000000466e+00;6.537133000000000527e-01;1.511385299999999932e+00;3.061700000000000099e-03;2.511297240000000208e+00;5.298865400000000392e+00
5.118741648000000311e+01;6.698006470000000157e+00;6.649747400000000086e-01;1.517462000000000089e+00;3.017199999999999830e-03;2.553138530000000017e+00;5.280840300000000376e+00
5.138736732000000274e+01;6.498378110000000873e+00;6.750313199999999902e-01;1.523448200000000030e+00;2.973500000000000015e-03;2.594166149999999949e+00;5.248386299999999949e+00
5.158731817000000319e+01;6.298420039999999887e+00;6.839184200000000269e-01;1.529250299999999951e+00;2.799600000000000179e-03;2.634308620000000101e+00;5.260718699999999970e+00
5.178726901999999654e+01;6.098785980000000606e+00;6.916713500000000181e-01;1.534653199999999940e+00;2.639900000000000146e-03;2.673940710000000109e+00;5.250894200000000289e+00
5.198721986000001039e+01;5.899045180000000776e+00;6.983714899999999837e-01;1.539846899999999907e+00;2.551799999999999902e-03;2.712921500000000208e+00;5.213446000000000247e+00
5.218717071000000374e+01;5.699230100000000299e+00;7.040409900000000887e-01;1.545082999999999984e+00;2.729399999999999882e-03;2.751077910000000237e+00;5.216947099999999615e+00
5.238712154999999626e+01;5.499372350000000687e+00;7.086220199999999636e-01;1.550716800000000006e+00;2.838799999999999830e-03;2.788737390000000094e+00;5.204013699999999965e+00
5.258707240000000382e+01;5.299431990000000425e+00;7.120742700000000092e-01;1.556323700000000088e+00;2.770100000000000166e-03;2.825803540000000336e+00;5.165632399999999791e+00
5.278702323999999635e+01;5.099516490000000069e+00;7.144158300000000850e-01;1.561840399999999907e+00;2.753199999999999918e-03;2.862121619999999922e+00;5.170648899999999770e+00
5.298697409000000391e+01;4.899580639999999931e+00;7.156571500000000752e-01;1.567329500000000042e+00;2.735800000000000037e-03;2.898019200000000239e+00;5.166244200000000397e+00
5.318692493999999726e+01;4.699599670000000451e+00;7.158048200000000083e-01;1.572779099999999985e+00;2.714299999999999786e-03;2.933447500000000208e+00;5.124504599999999854e+00
5.338687578000000400e+01;4.499695530000000332e+00;7.148689000000000293e-01;1.578161499999999995e+00;2.668699999999999978e-03;2.968171840000000117e+00;5.129649200000000242e+00
5.358682662999999735e+01;4.299756390000000650e+00;7.128666000000000169e-01;1.583429900000000057e+00;2.576999999999999864e-03;3.002528870000000349e+00;5.129878599999999622e+00
5.378677747000000409e+01;4.099780500000000494e+00;7.098342800000000397e-01;1.588439099999999993e+00;2.432300000000000087e-03;3.036498690000000167e+00;5.090941700000000125e+00
5.398672831999999744e+01;3.899926849999999945e+00;7.058374299999999879e-01;1.593065299999999906e+00;2.193200000000000184e-03;3.069839070000000447e+00;5.097638100000000172e+00
5.418667916000001128e+01;3.700033930000000026e+00;7.009634100000000645e-01;1.597191000000000027e+00;1.913399999999999997e-03;3.102864380000000200e+00;5.101937000000000388e+00
5.438663001000000463e+01;3.500103699999999929e+00;6.953236300000000814e-01;1.600697400000000048e+00;1.593199999999999911e-03;3.135569269999999964e+00;5.064221400000000095e+00
5.458658084999999716e+01;3.300310160000000437e+00;6.890534299999999668e-01;1.603520800000000079e+00;1.231600000000000012e-03;3.167698490000000255e+00;5.069843299999999608e+00
5.478653170000000472e+01;3.100470520000000008e+00;6.822891900000001009e-01;1.605621299999999918e+00;8.674000000000000503e-04;3.199540220000000268e+00;5.074100200000000171e+00
5.498648255000000518e+01;2.900588510000000397e+00;6.751763800000000204e-01;1.606989199999999895e+00;5.008999999999999781e-04;3.231094510000000142e+00;5.033142800000000250e+00
5.518643339000000481e+01;2.700822570000000145e+00;6.678645600000000515e-01;1.607666999999999957e+00;1.777000000000000096e-04;3.262092580000000464e+00;5.003949300000000378e+00
5.538638423999999816e+01;2.500998309999999947e+00;6.604791800000000546e-01;1.607709199999999949e+00;-1.268999999999999946e-04;3.292621560000000169e+00;4.972444999999999560e+00
5.558633508000000489e+01;2.301140480000000377e+00;6.531430400000000080e-01;1.607168600000000058e+00;-4.135000000000000221e-04;3.322680500000000148e+00;4.856119500000000144e+00
5.578628592999999825e+01;2.101349809999999874e+00;6.459708499999999853e-01;1.606114499999999889e+00;-6.407999999999999634e-04;3.351776060000000612e+00;4.821875900000000215e+00
5.598623677000000498e+01;1.901525669999999835e+00;6.390533500000000755e-01;1.604619400000000029e+00;-8.413999999999999604e-04;3.380418670000000514e+00;4.784739300000000028e+00
5.618618761999999833e+01;1.701645560000000224e+00;6.324701200000000245e-01;1.602763799999999961e+00;-1.013900000000000088e-03;3.408602779999999832e+00;4.677980800000000272e+00
5.638613847000000590e+01;1.501807990000000093e+00;6.262871600000000649e-01;1.600665699999999969e+00;-1.084700000000000074e-03;3.435934540000000315e+00;4.646658300000000352e+00
5.658608931000000553e+01;1.301981930000000176e+00;6.205387799999999565e-01;1.598411999999999944e+00;-1.183400000000000033e-03;3.462869729999999979e+00;4.611229899999999660e+00
5.678604016000000598e+01;1.102045730000000168e+00;6.152608900000000602e-01;1.595924700000000085e+00;-1.301800000000000092e-03;3.489394020000000651e+00;4.500825999999999993e+00
5.698599100000000561e+01;9.021364900000000686e-01;6.104459000000000968e-01;1.594100700000000037e+00;-5.075999999999999783e-04;3.515090250000000083e+00;4.468402400000000441e+00
5.718594184999999896e+01;7.018007900000000632e-01;6.058311400000000457e-01;1.593673499999999965e+00;-1.644999999999999869e-04;3.540416870000000049e+00;4.429580800000000096e+00
5.738589269000000570e+01;5.022945799999999350e-01;6.013111900000001064e-01;1.593159699999999956e+00;-3.543999999999999950e-04;3.565345889999999685e+00;4.370125899999999675e+00
5.758584353999999905e+01;3.015324200000000232e-01;5.969119900000000589e-01;1.592146999999999979e+00;-6.627000000000000078e-04;3.589770660000000113e+00;4.353270799999999774e+00
5.778579438000000579e+01;1.016076800000000058e-01;5.927916800000000430e-01;1.590664199999999973e+00;-6.453999999999999668e-04;3.613937110000000175e+00;4.332135899999999928e+00
5.798574522999999914e+01;-9.756867000000001011e-02;5.889366500000000615e-01;1.589763700000000002e+00;-2.650999999999999928e-04;3.637826860000000107e+00;4.280075100000000354e+00
5.818569608000000670e+01;-2.978766700000000101e-01;5.851746300000000289e-01;1.589466499999999893e+00;-2.680000000000000090e-05;3.661276440000000409e+00;3.494425399999999904e+00
5.838564691999999923e+01;-4.979604300000000094e-01;5.814122200000000351e-01;1.589987700000000004e+00;6.945000000000000218e-04;3.680310840000000194e+00;2.084795900000000035e+00
5.858559777000000679e+01;-6.970759300000000103e-01;5.773988700000000085e-01;1.591873799999999894e+00;2.733999999999999777e-04;3.691620130000000000e+00;9.582285000000000386e-01
5.878554861000000642e+01;-8.970256700000001082e-01;5.733428999999999887e-01;1.589236199999999988e+00;-2.851300000000000189e-03;3.696806580000000064e+00;-2.491689000000000043e+00
